Date,PM2.5,PM10,NO,NO2,NOx,NH3,CO,SO2,O3,AQI,AQI_Bucket
07-07-2016,35.33,84.31,16.95,44.35,34.22,12.06,0.84,5.07,25.24,81,Satisfactory
08-07-2016,40.64,92.73,28.48,52.89,47.01,11.91,1.07,6.57,16.24,112,Moderate
09-07-2016,33.25,77.65,23.32,45.37,39.49,12.77,1,8.79,18.38,81,Satisfactory
10-07-2016,26.64,69.68,11.03,36.51,26,12.82,0.88,9.97,27.98,81,Satisfactory
11-07-2016,23.92,70.52,13.89,39.01,29.35,12.46,0.89,9.72,24.73,79,Satisfactory
12-07-2016,28.42,84.49,11.59,42.76,29.47,13.49,1.09,8.99,27.01,79,Satisfactory
13-07-2016,35.71,75.77,13.83,48.4,33.88,13.12,1.07,9.33,28.83,90,Satisfactory
14-07-2016,37.09,98.23,14.05,49.9,34.78,13.3,1.09,9.28,33.36,93,Satisfactory
15-07-2016,43.67,103.08,12.1,49.19,32.98,13.52,1.02,6.74,26.01,112,Moderate
16-07-2016,44.76,111.15,10.93,47.01,31.05,13.58,1.1,4.76,33.86,104,Moderate
17-07-2016,41.11,94.44,12.29,48.83,32.94,13.17,1.1,7.73,29.34,102,Moderate
18-07-2016,46.5,96.07,14.93,49.36,35.16,13.99,1.09,11.05,39.16,95,Satisfactory
19-07-2016,33.54,80.51,33.45,65.03,56.61,8.69,1.9,11.57,28.7,127,Moderate
20-07-2016,11.98,103.34,22.54,37.86,35.25,16.1,0.95,19.13,67.74,135,Moderate
23-07-2016,27.32,83.02,6.98,37.5,23.47,14.76,0.78,18.54,47.74,105,Moderate
25-07-2016,22.75,58.38,11.05,37.72,26.61,16.37,0.79,25.13,32.89,84,Satisfactory
26-07-2016,23.34,80.58,32.99,58.13,52.91,13.21,1.34,31.7,42.77,155,Moderate
27-07-2016,24.49,66.8,24.2,43.69,39.32,15.34,0.94,35.21,28.28,138,Moderate
28-07-2016,21.85,68.36,26.31,31.72,34.93,12.91,0.98,28.09,18.39,78,Satisfactory
29-07-2016,23.4,81.96,15.24,29.87,25.91,11.19,1.11,31.45,20.92,79,Satisfactory
30-07-2016,29.12,77.05,8.21,30.77,21.1,15.58,0.89,26.82,41.79,95,Satisfactory
31-07-2016,22.44,68.42,15.19,37.52,29.94,10.37,1.15,30.72,37.79,90,Satisfactory
01-08-2016,23.82,62.12,19.5,34.3,31.25,12.06,1.05,38.43,24.1,105,Moderate
02-08-2016,16.53,44.53,18.54,29.24,28.07,11.49,0.94,46.26,16.92,67,Satisfactory
03-08-2016,18.76,43.55,23.96,29.85,32.4,9.98,1.04,29.69,13.1,73,Satisfactory
04-08-2016,23.64,52.09,22.64,31.32,32.14,11.62,1.1,26.89,13.39,79,Satisfactory
05-08-2016,27.8,82.45,18.95,34.95,31.16,11.67,1.25,32.89,17.76,89,Satisfactory
06-08-2016,24.73,89.99,15.38,33.23,27.66,11.63,1.17,32.63,21.29,95,Satisfactory
07-08-2016,25.74,86.21,13.79,31.69,25.72,7.13,0.96,34.28,25.35,89,Satisfactory
08-08-2016,30.37,92.09,14.75,34.63,27.86,17.47,1.07,27.96,22.94,94,Satisfactory
09-08-2016,36.85,103.97,12.44,43.12,30.27,22.93,1.25,44.65,28.44,103,Moderate
10-08-2016,23.77,96.36,18.46,33.73,30.2,13.62,1.09,37.9,24.9,101,Moderate
11-08-2016,23.39,85.46,10.64,29.54,16.74,13.05,0.64,35.36,29.24,93,Satisfactory
12-08-2016,39.42,107.82,21.52,53,17.44,15.32,0.62,47.11,28.33,85,Satisfactory
13-08-2016,34.14,106.86,12.43,41.82,29.63,13.73,1.18,31.44,36.75,106,Moderate
14-08-2016,28.14,93.6,10.66,34.82,24.89,13.82,1.02,35.15,35.95,101,Moderate
15-08-2016,27.92,78.98,14.5,35.64,28.18,13.08,1.07,35.46,25.98,89,Satisfactory
16-08-2016,25.7,80.46,20.26,39.56,34.38,12.96,1.15,26.2,24.28,83,Satisfactory
17-08-2016,28.17,101.92,17.67,38.75,32.06,11.37,1.03,32.12,28.17,90,Satisfactory
18-08-2016,26.93,102.19,16.38,38.95,31.19,10.95,1.1,39.42,33.16,102,Moderate
19-08-2016,33.79,101.42,10.69,38.88,26.9,12.64,1.11,39.92,47.65,102,Moderate
20-08-2016,33.73,102.06,8.33,33.98,22.76,13.38,1.02,35.43,42.24,102,Moderate
21-08-2016,38.2,107.83,6.13,33.87,21.06,13.87,0.98,31.97,57.54,111,Moderate
22-08-2016,47.01,111.73,8.58,36.96,24.39,13.95,1.17,37.63,49.99,108,Moderate
23-08-2016,31.59,97.97,10.01,33.61,23.78,12.53,0.87,37.4,44.39,102,Moderate
24-08-2016,30.39,89.86,11.86,38.65,29.1,12.71,0.86,38.41,42.86,93,Satisfactory
25-08-2016,30.35,77.62,14.44,35.76,28.26,10.98,0.79,28.78,44.58,87,Satisfactory
26-08-2016,32.44,72.64,17.68,28.77,27.26,12.54,0.64,30.59,41.06,87,Satisfactory
27-08-2016,17.78,63.29,10.06,23.5,18.95,10.75,0.39,28.17,35.82,66,Satisfactory
28-08-2016,9.53,32.93,6.68,12.87,11.25,10.66,0.43,11.18,43.5,63,Satisfactory
29-08-2016,8.91,34.51,6.21,12.77,10.85,9.96,0.41,11.8,41.29,53,Satisfactory
30-08-2016,10.56,35.2,8.47,12.97,12.65,9.48,0.47,12.63,38.43,60,Satisfactory
31-08-2016,26.85,54.03,12.01,27.72,22.46,9.75,0.6,27.67,48.49,77,Satisfactory
01-09-2016,29.45,66.39,12.64,38.84,28.34,8.69,0.8,37.97,41.44,77,Satisfactory
02-09-2016,26.88,74.2,9.94,30.88,22.46,8.49,0.64,36.41,39.52,71,Satisfactory
03-09-2016,26.75,57.16,18.67,32.96,29.98,7.5,0.79,27,19.97,68,Satisfactory
04-09-2016,37.11,57.14,13.96,26.57,23.37,8.45,0.46,21.12,17.67,67,Satisfactory
06-09-2016,42.4,91.61,17.32,35.13,32.18,8.91,0.79,28.26,58.59,102,Moderate
07-09-2016,42.73,94.73,16.83,37.04,30.6,10.34,0.66,24.68,46,101,Moderate
08-09-2016,42.7,101.98,15.86,42.25,32.4,11,0.7,31.11,40.2,98,Satisfactory
09-09-2016,46.08,91.88,12.73,36.83,27.44,12.77,0.69,34.53,40.09,96,Satisfactory
10-09-2016,63.33,98.79,26.4,41.67,39.99,13.62,1.06,30.31,27.79,98,Satisfactory
11-09-2016,52.77,88.89,19.96,39.21,33.93,10.4,0.87,30.83,70.49,160,Moderate
12-09-2016,41.43,79.75,17.8,33.77,29.73,18.81,0.71,31.09,72.47,188,Moderate
13-09-2016,22.89,54.42,16.53,28.03,25.98,17.05,0.59,18.84,27.81,73,Satisfactory
14-09-2016,28.28,55.62,18.71,23.62,25.46,11.15,0.73,15.97,32.27,64,Satisfactory
15-09-2016,13.46,27.95,6.94,14.2,12.09,10.1,0.51,12.08,42.39,71,Satisfactory
16-09-2016,24.93,47.83,9.28,25.39,19.28,9.54,0.58,20.6,37.3,65,Satisfactory
17-09-2016,33.68,71.78,13.95,36.89,28.37,10.65,0.78,35.63,25.04,65,Satisfactory
18-09-2016,39.38,79.07,11.08,36.34,25.96,9.04,0.66,41.44,31.44,86,Satisfactory
19-09-2016,36.02,92.91,20.75,39.78,34.87,7.14,0.58,25.49,57.61,151,Moderate
21-09-2016,13.75,29.45,7.76,14.05,14.1,12.09,0.4,10.11,26.54,49,Good
22-09-2016,12.67,27.2,5.69,8.62,8.45,15.01,0.42,15.35,38.02,55,Satisfactory
23-09-2016,19.93,33.15,10.92,20.31,18.05,11.57,0.94,15.79,35.97,90,Satisfactory
24-09-2016,27.57,55.19,16.3,35.71,29.57,9.9,1.27,19.36,22.13,78,Satisfactory
25-09-2016,23.78,51.23,11.29,26.18,21.16,9.16,1.02,15.03,30.47,85,Satisfactory
26-09-2016,36.71,64.6,26.67,36.36,39.43,8.64,1.3,19,25.59,89,Satisfactory
27-09-2016,62.52,103.15,55.13,56.17,70.43,9.34,1.91,20.52,16.48,108,Moderate
28-09-2016,72.4,118.07,30.97,45.89,46.51,9.35,1.44,11.11,21.68,130,Moderate
29-09-2016,60.73,92.72,24.07,44.06,39.43,12.31,1.28,18.29,25.04,113,Moderate
30-09-2016,54.76,96.82,34.71,50.32,51.48,14.59,1.3,22.54,17.98,104,Moderate
01-10-2016,40.24,72.92,20.02,38.29,35.6,12.82,1.01,16.68,25.81,94,Satisfactory
02-10-2016,71.57,99.21,31.72,43.55,44.87,10.45,1.18,16.61,53.92,132,Moderate
03-10-2016,42.06,113.21,16.29,43.26,34.26,12.73,0.82,29,42.97,133,Moderate
04-10-2016,44.1,93.36,24.07,45.35,41.13,14.02,1.03,24.17,25.85,104,Moderate
05-10-2016,53.43,101.42,24.25,44.43,40.98,15.85,1.03,25.07,20.23,100,Satisfactory
06-10-2016,51.42,94.82,28.9,41.1,44.03,16.59,0.97,17.9,31.39,105,Moderate
07-10-2016,37.61,79.35,27.42,42.34,41.06,16.35,0.76,13.62,19.19,85,Satisfactory
08-10-2016,50.36,102.59,37.53,50.06,53.46,14.86,1.23,20.11,11.78,95,Satisfactory
09-10-2016,43.12,87.66,18.73,42.1,34.46,14.2,0.82,19.9,16.01,97,Satisfactory
10-10-2016,45.73,92.35,23.78,40.62,38.55,14.28,1.06,22.14,26.02,90,Satisfactory
11-10-2016,43.88,83.88,22.09,30.35,31.25,15.63,1.15,11.31,28.35,108,Moderate
14-10-2016,89.96,94,37.46,88.72,71.16,12.63,1.34,17.6,14.47,110,Moderate
18-10-2016,65.83,112.08,18.3,45.39,37.2,16.54,1.1,14.24,47.41,123,Moderate
19-10-2016,66.14,105.53,10.22,50.18,33.13,16.96,1.04,12.48,42.08,121,Moderate
20-10-2016,64.67,112.79,12.26,56.35,37.63,14.86,1.13,15.17,43.97,116,Moderate
21-10-2016,64.92,101.08,18.34,60.75,43.29,14.18,1.23,13.5,33.92,118,Moderate
22-10-2016,66.93,100.71,23.2,68.56,51.78,15.93,1.34,18.09,28.29,122,Moderate
23-10-2016,62.97,103.08,17.85,67.64,46.25,9.58,1.19,26.49,30,109,Moderate
24-10-2016,63.12,103.67,33.73,83.01,60.72,14.34,1.5,33.28,38.47,126,Moderate
25-10-2016,60.85,108.64,26.17,62.1,50.81,18.51,1.29,22.65,39.3,142,Moderate
26-10-2016,63.31,96.76,21.42,67.62,48.9,19.04,1.21,15.88,44.27,110,Moderate
27-10-2016,47.62,101.06,4.61,26.48,17.43,17.51,0.8,12.67,53.25,104,Moderate
28-10-2016,44.65,76.94,7.7,32.65,22.73,18.43,1.01,6.99,53.31,147,Moderate
29-10-2016,44.44,81.9,4.92,25,18.04,14.71,0.86,7.73,26.08,91,Satisfactory
30-10-2016,44.81,74.15,4.97,24.3,15.52,12.08,0.79,14.42,44.42,76,Satisfactory
31-10-2016,58.43,96.69,4.27,29.01,19.39,11.75,0.97,10.38,52.16,89,Satisfactory
01-11-2016,64.91,93.18,9.34,43.66,29.3,10.9,1.06,11.89,38.43,117,Moderate
02-11-2016,37.5,65.46,4.61,19.09,13.81,10.7,0.77,7.61,34.08,82,Satisfactory
03-11-2016,29.34,53.15,5.17,18.55,13.97,10.38,0.77,9.45,36.52,67,Satisfactory
04-11-2016,12.94,30.1,7.27,17.48,13.97,8.39,0.67,5.62,24.79,55,Satisfactory
05-11-2016,18.14,36.89,7.57,21.59,16.19,7.69,0.71,8.4,31.53,56,Satisfactory
06-11-2016,48.11,92.4,13.64,45.09,32.12,8.72,1.05,14.04,38.94,83,Satisfactory
07-11-2016,71.88,112.68,10.83,54.12,35.49,9.21,1.21,12.59,40.8,113,Moderate
08-11-2016,67.16,105.6,24.19,70.94,46.62,10.33,1.46,18.95,34.74,133,Moderate
09-11-2016,63.98,104.47,31.77,71.81,58.66,12.69,1.61,26.27,39.16,114,Moderate
10-11-2016,60.85,101.39,19.14,51.12,32.27,15.22,1.81,32.42,29.42,112,Moderate
11-11-2016,68.5,94,24.41,61.14,49.08,15.74,1.64,19.71,56,114,Moderate
12-11-2016,56,94,16.46,60.94,43,16.97,1.62,19.54,67.32,132,Moderate
13-11-2016,78.65,120.82,3.86,28.57,16.77,15.63,1.2,8.27,80,129,Moderate
14-11-2016,77.51,115.91,3.53,26.66,16.63,14.09,1.15,9.79,75.77,163,Moderate
15-11-2016,68.7,106.53,3.72,26.07,16.54,12.74,1.13,8.59,70.65,150,Moderate
16-11-2016,72.89,108.85,3.44,23.94,15.26,12.01,1.18,10.66,92.13,127,Moderate
17-11-2016,76.4,120.03,3.77,31.02,18.94,11.23,1.14,12.94,97.23,151,Moderate
18-11-2016,71.11,122.95,4.09,33.96,18.8,10.81,1.11,12.68,91.7,148,Moderate
19-11-2016,64.44,113.83,11.55,61.25,38.44,10.06,1.45,17.52,56.33,120,Moderate
20-11-2016,66.78,107.4,15.84,63.11,42.55,10.25,1.53,16.82,56.55,119,Moderate
21-11-2016,66.07,110.91,19.17,68.27,45.92,12.38,1.59,18.76,48.74,125,Moderate
22-11-2016,63.54,100.06,29.12,72.33,50.9,13.21,1.74,22,41.06,116,Moderate
23-11-2016,60.96,109.68,32.81,71.71,57.21,17.92,1.71,22.92,42.1,112,Moderate
24-11-2016,61.68,102.75,27.7,81.21,51.17,19.94,1.6,25.38,40.32,108,Moderate
25-11-2016,61.23,102.48,33.02,85.44,55.92,21.23,1.64,25.54,38.35,109,Moderate
26-11-2016,63.17,96.29,34.01,80.13,65.55,23.54,1.68,40.55,43.78,110,Moderate
27-11-2016,61.53,102.83,21.07,69.96,49.77,21.14,1.58,20.38,53.4,116,Moderate
28-11-2016,68.77,105.94,15.35,63.18,42.25,20.06,1.55,23.3,61.76,125,Moderate
29-11-2016,63.62,103.65,28.1,68.05,49,17.8,1.64,24.5,57.9,121,Moderate
30-11-2016,66.66,99.53,26.05,71.79,54.43,17.33,1.53,21.3,63.94,126,Moderate
01-12-2016,66.92,108.85,3.95,25.19,16.29,14.95,1,11.07,85.63,144,Moderate
02-12-2016,41.55,80.48,5.24,30.56,19.88,12.69,0.99,6.67,58.45,93,Satisfactory
03-12-2016,32.6,67.24,4.72,26.56,17.54,12.21,0.94,8,55.43,82,Satisfactory
04-12-2016,52.58,93.04,3.81,24.96,14.98,13.43,0.98,6.34,88.45,106,Moderate
05-12-2016,74.8,113.48,4.47,30.06,19.03,12.76,1.06,8.32,86.68,131,Moderate
06-12-2016,43.18,77.91,4.38,28.66,18.28,11.01,1,10.04,76.9,113,Moderate
07-12-2016,50.53,64.11,6.98,36.44,22.96,11.29,1.04,27.9,68.2,91,Satisfactory
08-12-2016,64.4,80.16,21.16,58.46,44.28,13.02,1.49,34.58,56.16,105,Moderate
09-12-2016,65.44,102.77,11.34,57.17,37.35,14.36,1.41,37.75,68.11,123,Moderate
10-12-2016,57.84,116.72,4.68,36.03,22.09,12.89,1.19,35.72,91.9,120,Moderate
11-12-2016,46.03,95.57,4.18,20.92,13.28,11.64,1.02,33.88,84.98,113,Moderate
12-12-2016,40.99,71.42,4.2,18.21,13.03,10.59,0.96,34.07,87.04,105,Moderate
13-12-2016,48.07,84.67,3.86,18.08,13.73,10.72,0.96,32.54,93.76,117,Moderate
14-12-2016,62.66,102.67,4.05,22.56,15.08,12.02,1.15,31.35,90.96,107,Moderate
15-12-2016,71.8,117.17,4.18,30.64,19.09,11.53,1.18,31.52,83.67,139,Moderate
16-12-2016,52.28,113.57,8.7,46.05,29.97,9.93,1.14,32.89,61.72,119,Moderate
17-12-2016,69.5,104.08,24.59,65.42,49.38,11.01,1.49,31.48,52.04,119,Moderate
18-12-2016,59.38,107.2,36.33,67.64,59.39,12.79,1.48,18.63,56.03,120,Moderate
19-12-2016,64.2,104.71,25.37,74.72,56.34,14.22,1.55,18.98,56.84,119,Moderate
20-12-2016,61.85,100.85,34.99,77.27,56.04,14.55,1.53,19.86,58.88,122,Moderate
21-12-2016,63.14,99.22,42.75,77.15,65.42,17.05,1.82,23.87,54.52,133,Moderate
22-12-2016,67.26,102.33,36.66,77.47,64.63,17.05,1.84,21.77,51.71,120,Moderate
23-12-2016,65.86,96.71,40.45,71.11,52.61,16.19,1.67,20.15,50.28,124,Moderate
24-12-2016,79.29,123.67,19.87,48.03,37.06,14.96,1.48,18.57,83.35,122,Moderate
25-12-2016,63.52,101.09,50.66,64.9,68.48,16.48,1.63,14.27,46.2,126,Moderate
27-12-2016,66.59,108.45,31.18,53.96,53.86,15.33,1.55,12.91,55.78,133,Moderate
28-12-2016,56,94,4.13,41.25,24.23,18.3,1.52,11,92.97,127,Moderate
29-12-2016,56,94,20.37,57.45,44.24,17.17,1.69,8.02,65.25,116,Moderate
30-12-2016,56,94,29.71,53.1,49.12,15.55,1.67,5.13,65.98,116,Moderate
31-12-2016,71.19,112.65,19.61,55.17,42.59,13.73,1.57,6.8,56.32,107,Moderate
01-01-2017,63.51,97.56,9.2,38.43,25.57,11.49,1.38,1.44,55.05,147,Moderate
02-01-2017,38.25,77.84,4.34,33.05,19.33,11.28,1.1,1.23,49.63,102,Moderate
03-01-2017,62.3,101.33,32.35,42.11,46.79,13.2,1.32,6.48,50.55,98,Satisfactory
04-01-2017,66.77,100.24,14.68,46.67,34.77,15.92,1.39,4.81,64.8,117,Moderate
05-01-2017,68.9,105.73,4.1,29.76,17.58,15.04,1.27,5.03,92.19,121,Moderate
06-01-2017,69.58,123.12,8.34,39.5,26.54,13.31,1.22,7.2,85.63,146,Moderate
07-01-2017,47.15,88.98,28.39,59.46,50.1,12.24,1.41,6.3,54.57,110,Moderate
08-01-2017,57.31,92.42,26.36,51.83,42.99,11.47,1.35,3.42,56.85,108,Moderate
09-01-2017,56.08,95.9,30.36,60.14,51.93,12.74,1.46,6.48,47.06,103,Moderate
10-01-2017,61.58,96.12,37.11,63.83,59.85,13.36,1.5,13.46,39.83,108,Moderate
11-01-2017,55.21,97.03,23.46,52.63,46.57,13.92,1.36,16.88,41.86,102,Moderate
12-01-2017,66.21,107.1,29.48,41.29,42.14,14.6,1.28,7.78,49.79,107,Moderate
13-01-2017,71.24,111.64,4.86,28.97,18.79,15.76,1.21,4.35,76.59,121,Moderate
14-01-2017,73.17,113.17,3.86,18.95,13.18,13.54,0.95,3.3,90.96,144,Moderate
15-01-2017,76.86,123.73,3.89,23.54,15.42,13.1,0.98,4.77,105.22,148,Moderate
16-01-2017,67.81,108.77,10.99,57.83,37.45,13.76,1.42,8.65,64.86,136,Moderate
17-01-2017,68.03,111.45,21.88,68.69,50.86,14.33,1.54,18.4,67.78,137,Moderate
23-01-2017,63.88,114.71,11.79,51.04,32.67,12.48,1.26,8.36,73.47,126,Moderate
24-01-2017,55.47,103.58,23.55,56.26,44.97,14.51,1.31,6.47,55.26,108,Moderate
25-01-2017,68.84,118.21,4.66,30,16.93,14.17,1.05,7.12,94.31,101,Moderate
26-01-2017,82.19,127.59,3.74,25.96,15.4,15.25,1.12,4.77,100.61,173,Moderate
27-01-2017,68.09,106.33,15.05,36.01,29.2,15.4,1.26,6.49,64.59,190,Moderate
28-01-2017,90.15,165.54,53.09,46.57,66.39,12.61,1.57,19.63,40.84,178,Moderate
29-01-2017,68.13,109.16,13.95,23.93,21.48,12.54,0.84,9.77,48.52,183,Moderate
30-01-2017,84.78,144.43,24.92,26.01,30.95,13.7,1.3,10.28,61.69,177,Moderate
31-01-2017,95.17,154.56,20.56,40.05,34.62,13.6,1.26,11.5,42.12,214,Poor
01-02-2017,93.11,149.8,18.12,41.89,36.92,12.94,1.36,9.69,39.06,221,Poor
02-02-2017,64.85,125.5,20.28,30.29,32.47,11.71,0.77,7.15,52.79,158,Moderate
03-02-2017,95.92,172.76,30.03,45.33,48.49,12.74,1.42,10.41,43.94,177,Moderate
04-02-2017,96.96,170.32,36.16,44.16,52.84,12.37,1.87,20.63,32.07,255,Poor
05-02-2017,98.42,191.04,21.82,53.95,44.32,12.88,1.09,17.72,37.53,227,Poor
06-02-2017,90.31,159.65,14.53,50.7,36.97,13.9,1.31,11.52,34.48,214,Poor
07-02-2017,86.33,161.9,10.63,41.98,30.96,13.41,0.95,14.14,38.68,137,Moderate
13-02-2017,47.32,108.45,17.57,29.69,30.07,9.05,0.74,5.12,43.6,118,Moderate
14-02-2017,54.3,122.19,22.18,31.76,34.87,6.86,1.3,4.77,32.83,146,Moderate
15-02-2017,74.8,181.65,40.55,51.11,60.16,9.42,1.57,10.04,39.01,158,Moderate
16-02-2017,103.57,205.91,44.55,67.56,72.12,14.22,1.74,31.92,40.03,219,Poor
17-02-2017,69.93,177.61,26.33,51.53,48.77,11.25,1.5,14.76,37.05,196,Moderate
18-02-2017,90.56,171.09,28.42,50.92,46.29,12.55,1.48,15.12,40.75,191,Moderate
19-02-2017,78.47,143.79,6.54,41.19,27.23,12.33,0.86,17.2,34.93,166,Moderate
20-02-2017,78.02,138.38,12.65,39.22,31.1,11.86,1.27,21.8,29.06,184,Moderate
21-02-2017,61.52,116.64,13.59,34.28,29.23,10.79,1.24,14.93,28.19,158,Moderate
22-02-2017,48.68,110.73,12.59,32.48,27.48,10.06,1.22,20.24,25.74,144,Moderate
23-02-2017,50.3,116.4,15.84,36.34,32.17,10,1.28,25.92,20.73,141,Moderate
24-02-2017,51.17,93.34,10.66,25.74,22.34,10.25,1.01,18.59,28,138,Moderate
25-02-2017,54.92,100.52,11.29,26.63,23.31,10.56,1.18,11.52,36.23,129,Moderate
26-02-2017,72.35,120.28,7.05,26.9,20.04,10.58,0.68,13.36,33.81,122,Moderate
27-02-2017,68,134.8,15.89,33.52,30.71,10.38,1.22,10.82,32.05,160,Moderate
28-02-2017,67.1,124.23,19.87,32.02,33.1,10.23,1.17,10.37,31.9,151,Moderate
01-03-2017,84.69,175.98,31.39,50.97,52.59,10.46,1.41,25.77,46.36,175,Moderate
02-03-2017,72.19,142.93,19.01,47.3,40.53,10.9,0.83,14.73,53.58,151,Moderate
03-03-2017,76.47,174.14,19.99,56.43,46.23,10.42,1.38,15.05,45.82,172,Moderate
04-03-2017,52.09,115.14,11.88,40.5,31.17,9.64,1.16,10.11,34.81,159,Moderate
05-03-2017,29.71,62.1,8.95,26.24,21.24,8.06,0.62,10.14,20.75,86,Satisfactory
06-03-2017,22.3,53.71,22.37,22.88,30.27,8.23,1.01,12.79,15.05,117,Moderate
07-03-2017,24.57,58.88,17.16,18.35,23.66,8.27,1.08,8.84,11.06,118,Moderate
08-03-2017,19.72,42.65,14.08,13.58,18.62,8.15,0.96,4.49,13.87,108,Moderate
09-03-2017,22.26,51.86,17.06,21.42,25.22,7.91,1.05,10.69,13.5,106,Moderate
10-03-2017,26.23,61.07,18.86,20.68,26.28,8.03,0.7,9.99,12.16,62,Satisfactory
11-03-2017,28.4,45.37,16.39,13.13,17.51,17.92,0.72,8.13,17.81,122,Moderate
12-03-2017,45.77,82.12,12.66,15.24,16.52,7.59,0.45,13.53,16.28,67,Satisfactory
13-03-2017,50.47,94.74,19.86,14.84,5.59,8.75,0.92,7.48,26.05,90,Satisfactory
14-03-2017,42.41,78.96,4.08,18.12,12.86,8.36,1.19,3.49,29.83,169,Moderate
15-03-2017,36.17,62.62,18.53,23.85,27.71,8.31,0.83,4.73,17.71,112,Moderate
16-03-2017,36.92,78.56,18.26,23.69,27.4,8.93,0.94,10.12,17.9,114,Moderate
17-03-2017,40.35,85.47,16.28,23.26,25.56,9.15,0.98,10.05,16.28,126,Moderate
18-03-2017,47.45,99.17,13.13,23.88,23.33,9.84,1.02,10.64,17.6,129,Moderate
19-03-2017,51.6,107.27,6.73,23.09,17.76,9.27,0.56,12.14,19.16,106,Moderate
20-03-2017,56.22,109.69,14,24.25,24.23,10.07,1.17,12.52,20.22,147,Moderate
21-03-2017,48.4,84.08,10.83,22.58,20.77,8.84,1,5.62,17.43,136,Moderate
22-03-2017,47.43,92.46,16.78,23.01,25.85,8.9,1.07,8.49,12.91,127,Moderate
23-03-2017,48.72,108.98,16.61,24.53,26.51,8.96,0.72,13.48,14.31,97,Satisfactory
24-03-2017,52.68,123.59,19.18,28.39,29.19,8.47,1.14,21.56,14.58,144,Moderate
25-03-2017,33.5,96.75,4.44,21.75,15.18,8.1,0.56,11.56,15.12,115,Moderate
29-03-2017,30.71,82.42,15.06,15.91,20.71,8.4,1.11,15.93,9.32,94,Satisfactory
30-03-2017,30.48,92.82,21.87,12.79,24.54,8.67,1.68,15.52,9.25,134,Moderate
31-03-2017,30.66,110,25.5,13.76,28,8.66,1.71,19.38,9.29,140,Moderate
01-04-2017,33.98,96.5,19.02,15.38,22.56,8.54,1.55,16.77,9.57,140,Moderate
02-04-2017,32.45,103.49,11.54,16.13,17.96,7.34,1.12,14.92,12.39,106,Moderate
03-04-2017,28.03,75.36,23.69,16.11,26.39,8.58,1.65,14.5,6.85,98,Satisfactory
04-04-2017,30.18,86.28,20.43,15.4,24.75,7.65,1.58,14.6,7.31,128,Moderate
05-04-2017,39.15,96.82,15.51,17.95,21.19,7.8,1.6,14.55,11.03,136,Moderate
06-04-2017,46.38,104.17,18.44,20.15,24.3,9.16,1.74,16.06,13.89,142,Moderate
07-04-2017,45.34,99.45,15.11,18.06,20.8,39.01,1.7,14.11,17.01,152,Moderate
08-04-2017,45.08,98,17,18.38,23.54,9.31,1.71,15.15,16.39,149,Moderate
09-04-2017,30.88,66.79,7.24,17.28,13.92,7.43,0.98,11.21,11.83,94,Satisfactory
11-04-2017,28.6,81.5,11.94,17.27,9.63,13.21,0.9,8.72,11.9,131,Moderate
01-11-2017,47.12,96.39,1.2,0.17,0.17,0.15,1.25,4.36,80.43,149,Moderate
06-11-2017,22.41,48.12,0.92,5.76,1.65,0.12,0.71,5.35,49.78,70,Satisfactory
07-11-2017,28.03,55.26,2.6,4.43,4.45,0.62,0.79,4.23,62.64,94,Satisfactory
08-11-2017,29.4,61.49,5.56,13.63,11.07,0.77,0.75,5.03,68.2,85,Satisfactory
09-11-2017,42.25,81.14,6.16,13.34,12.03,1.17,0.83,6.52,75.27,90,Satisfactory
10-11-2017,54.75,97.61,6.11,2.68,4.18,1.04,0.8,7.43,79.11,99,Satisfactory
11-11-2017,60.62,109.46,6.19,0.38,0.81,1.11,0.85,7.45,109.06,148,Moderate
13-11-2017,33.02,72.5,1.64,19.44,2.73,0.14,0.75,5.84,89.53,130,Moderate
14-11-2017,30.55,54.72,4.37,16.56,12.06,1.38,0.76,3.89,63.31,93,Satisfactory
15-11-2017,13.1,27.08,5.88,14.82,12.59,3.82,0.74,4.74,42.26,85,Satisfactory
16-11-2017,6.48,22.89,7.13,11.61,11.94,1.39,0.74,5.57,29.49,64,Satisfactory
17-11-2017,7.8,18.72,8.16,14.27,14.19,1.13,0.76,5.12,22.19,63,Satisfactory
18-11-2017,10.89,28.9,7.06,10.62,11.36,1.49,0.71,6.13,30.74,58,Satisfactory
19-11-2017,15.12,28.67,1.78,8.23,5.82,1.72,0.63,5.84,31.24,52,Satisfactory
20-11-2017,13.71,28.68,5.91,10.58,10.34,7.27,0.82,6.95,19.47,74,Satisfactory
21-11-2017,38.17,61.47,4.55,8.68,8.28,2.41,0.79,4.93,42.78,62,Satisfactory
22-11-2017,61.5,106.56,4.52,11.39,9.69,2.19,0.91,5.98,75.21,95,Satisfactory
23-11-2017,67.51,130.08,11.25,25.32,22.58,13.3,1.02,8.7,72.79,120,Moderate
24-11-2017,72.41,138.21,8.14,28.02,21.16,8.59,0.93,9.69,110.54,161,Moderate
25-11-2017,69.52,119.5,11.08,30.52,25.13,9.98,0.94,8.78,121.73,174,Moderate
26-11-2017,70,124.86,1.39,31.12,17.64,10.32,0.98,8.23,121.71,175,Moderate
27-11-2017,62.29,125.91,8.62,41.42,28.9,10.87,1.07,7.34,95.86,153,Moderate
28-11-2017,82.35,172.13,14.68,54.91,41.05,11.96,1.05,8.89,76.15,158,Moderate
29-11-2017,51.25,133.9,10.83,44.58,32.46,9.56,0.81,5.7,71.32,138,Moderate
30-11-2017,56.05,92.98,5.43,39.66,25.48,10.89,0.89,7.2,80.85,116,Moderate
01-12-2017,61.99,126.25,11.77,40.34,30.94,10.89,0.91,10.41,90.05,122,Moderate
02-12-2017,71.27,124.88,6.08,27.71,19.62,11.75,0.94,7.28,122.71,165,Moderate
03-12-2017,69.02,114.81,1.3,29.42,16.66,11.2,0.93,6.61,110.02,157,Moderate
04-12-2017,75.65,123.44,6.35,34.31,23.34,12.19,1.1,9.75,106.51,162,Moderate
05-12-2017,98.32,184.65,19.59,55.94,45.6,13.31,1.23,9.07,81.64,207,Poor
06-12-2017,101.28,178.5,18.76,55.34,44.64,13.61,1.3,10.87,77.64,230,Poor
07-12-2017,83.65,141.02,6.82,36.78,24.99,20.2,1.09,12.56,96.71,195,Moderate
08-12-2017,60.98,112.99,3.86,44.64,26.84,12.06,1.04,11.66,77.73,155,Moderate
09-12-2017,55.61,111.86,10.14,44.59,31.93,11.12,1.06,10.45,53.68,104,Moderate
10-12-2017,77.81,160.8,16.77,54.45,42.5,13.01,1.14,11.55,37.76,148,Moderate
11-12-2017,72.49,126.78,8.91,47.58,32.49,15.85,1.11,10.08,46.58,132,Moderate
12-12-2017,76.95,128.31,21.61,43.73,40.7,17.37,1.16,11.13,36.79,159,Moderate
13-12-2017,80.72,149.08,37.79,41.51,52.74,15.23,1.26,7.11,36.13,169,Moderate
14-12-2017,66.31,97.69,1.73,24.11,14.13,14.84,0.93,6.7,64.81,128,Moderate
15-12-2017,66.12,97.87,6.82,36.82,25.01,13.13,1.04,5.84,71.93,125,Moderate
16-12-2017,83.31,163.67,37.77,67.69,66.71,12.29,1.47,14.22,43.04,155,Moderate
17-12-2017,92.11,181.98,23.36,56.71,49.16,14.04,1.26,14.12,52.25,206,Poor
18-12-2017,72.64,139.11,18.69,46.04,39.63,13.05,1.09,26.03,63.46,158,Moderate
19-12-2017,55.81,121.39,4.86,43.94,27.22,11.15,0.91,9.21,77.78,131,Moderate
20-12-2017,72.83,137.31,10.25,54.01,37.01,12.09,1.12,6.59,69.33,124,Moderate
21-12-2017,67.7,110.88,4.24,41.12,25.28,12.53,1.1,6.93,82.73,142,Moderate
22-12-2017,89.92,178.94,29.44,52.59,51.86,13.92,1.39,10.78,57.23,164,Moderate
23-12-2017,113.04,195.51,27.63,61.96,55.38,16.66,1.47,40.38,48.63,251,Poor
24-12-2017,117.2,183.31,19.69,45.4,40,16.56,1.32,13.44,65.61,268,Poor
25-12-2017,115.56,168.7,6.88,39.23,26.44,16.31,1.21,8.55,82.6,292,Poor
26-12-2017,123.9,202.38,16.37,60.49,45.4,17.16,1.45,15.18,66.62,296,Poor
27-12-2017,101.93,176.88,15.87,55.93,42.58,14.37,1.2,16.39,69.82,290,Poor
28-12-2017,88.29,195.79,28.26,60.83,55.3,11.48,1.28,16.54,57.78,203,Poor
29-12-2017,52.25,103.4,9.07,52.56,35.2,11.33,1.08,6.26,52.57,160,Moderate
30-12-2017,58.56,100.61,2.43,32.45,19.08,12.22,0.93,5.44,80.89,99,Satisfactory
31-12-2017,67.75,113.01,1.62,23.54,13.63,12.58,0.93,8.38,112.64,129,Moderate
01-01-2018,59.73,99.04,1.73,23.69,13.89,11.68,0.95,5.75,95.39,131,Moderate
02-01-2018,64.22,106.57,1.69,28.36,16.24,11.86,1.02,9.84,98.75,125,Moderate
03-01-2018,72.28,132.6,16.74,52.03,41.16,13.35,1.33,12.67,90.33,132,Moderate
04-01-2018,112.67,234.51,66.29,83.29,98.05,21.58,1.95,34.16,35,231,Poor
05-01-2018,89.89,183.69,42.93,59.18,66.2,14.24,1.5,11.99,57.98,233,Poor
06-01-2018,106.06,218.15,63.93,75.76,92.21,13.74,1.78,12.97,49.1,231,Poor
07-01-2018,92.74,200.4,51.53,70.87,79.46,15.97,1.6,14.41,54.14,230,Poor
08-01-2018,100.71,196.05,25.73,60.68,52.99,15.67,1.19,12.79,68.59,229,Poor
09-01-2018,63.83,116.56,2.04,33.16,19.04,15.07,0.88,10.25,101.8,150,Moderate
10-01-2018,98.05,191.53,19.01,62.83,48.04,16.65,1.28,13.18,70.78,192,Moderate
11-01-2018,123.81,289.19,33.55,70.69,64.86,19.8,1.52,15.06,60.26,279,Poor
12-01-2018,128.34,254.08,34.94,69.88,65.57,21.94,1.64,15.88,50.55,305,Very Poor
13-01-2018,117.2,210.61,13.04,52.2,38.32,22.54,1.19,16.11,33.98,293,Poor
14-01-2018,199.94,283,36.34,62.91,62.89,27.2,2.11,14.33,37.74,334,Very Poor
15-01-2018,113.89,203.02,20.08,47.37,41.32,19.15,1.37,11.01,60.7,320,Very Poor
16-01-2018,123.38,233.26,12.64,53.99,38.84,20.14,1.48,17.97,52.2,284,Poor
17-01-2018,104.12,200.75,13.68,50.03,37.54,17.26,1.39,12.76,39.92,297,Poor
18-01-2018,83.42,168.22,22.29,56.14,47.89,14.19,1.33,14.01,43.42,189,Moderate
19-01-2018,85.14,187.51,32.49,57.47,56.92,14.41,1.41,10.54,43.48,180,Moderate
20-01-2018,103.95,249.97,36.89,60.86,62.16,16.32,1.52,14.32,49.83,229,Poor
21-01-2018,90.25,199.35,34.06,58.21,58.52,18.07,1.48,11.72,52.56,224,Poor
22-01-2018,93.18,213.01,21.82,63.07,51.08,18.96,1.52,12.21,52.3,200,Moderate
23-01-2018,108.47,262.9,59.45,87.42,94.82,19.17,1.7,13.74,31.71,226,Poor
28-01-2018,83.94,152.19,21.27,38.1,37.57,17.95,0.99,18.12,80.72,182,Moderate
29-01-2018,87.12,156.83,13.37,44.15,34.35,17.01,1.04,9.01,77.9,176,Moderate
30-01-2018,95.29,202.2,31.84,68.01,62.06,16.09,1.24,21.3,52.07,219,Poor
31-01-2018,92.94,187.71,17.43,65.32,48.88,16.16,1.15,11.28,61.19,215,Poor
01-02-2018,73.77,168.36,16.91,61.11,46.23,14.09,1.15,2.45,57.06,179,Moderate
02-02-2018,81.05,210.94,20.17,69.86,53.53,14.98,1.19,3.83,46.84,172,Moderate
03-02-2018,78.53,205.06,32.51,65.58,61.32,16.54,1.25,9.44,44.32,164,Moderate
04-02-2018,63.4,191.95,26.6,62.86,55.05,15.52,1.06,11.92,33.84,169,Moderate
05-02-2018,65.06,179.27,31.51,58.17,56.53,16.39,1.16,11.79,33.73,162,Moderate
06-02-2018,69.68,183.64,43.41,57.75,66,19.37,1.02,11.14,32.3,150,Moderate
07-02-2018,62.76,139.55,23.22,49.41,45.16,18.36,0.66,9.09,21.18,136,Moderate
08-02-2018,51.09,114.01,18.01,47.2,39.76,16.05,0.59,10.01,28.8,116,Moderate
09-02-2018,49.31,125.65,25.44,41.02,42.5,13.87,0.61,9.03,18.52,112,Moderate
10-02-2018,52.48,119.12,12.38,38.01,30.27,13.99,0.59,8.76,15.79,99,Satisfactory
11-02-2018,72.97,129.71,4.22,29.17,15.38,11.54,0.44,10.67,31.16,140,Moderate
14-02-2018,52.38,113.91,0.98,6.49,2.22,1.42,0.51,8.12,81.06,121,Moderate
15-02-2018,67.26,169.98,4.29,11.17,9.43,2.05,0.71,10.5,58.92,134,Moderate
16-02-2018,72.41,150.5,3.63,8.09,5.75,0.98,0.65,10.83,47.88,137,Moderate
17-02-2018,82.74,155.27,1,0.51,0.98,0.15,0.73,10.53,30.64,169,Moderate
18-02-2018,66.72,112.92,0.44,0.64,0.6,0.19,0.49,10.45,44.98,136,Moderate
19-02-2018,78.83,143.59,0.84,0.81,1.04,0.24,0.54,9.74,34.1,148,Moderate
20-02-2018,81.56,161.53,5.29,18.27,13.07,4.64,0.72,10.34,29.31,174,Moderate
21-02-2018,72.27,183.23,24.48,49.32,46.12,11.02,0.81,10.01,32.77,156,Moderate
22-02-2018,71.19,194.15,18.76,65.2,49.93,11.49,0.74,17.08,37.11,160,Moderate
23-02-2018,76.45,188.84,16.74,58.72,44.85,12.7,0.77,16.64,36.6,157,Moderate
24-02-2018,86.82,256.85,85.97,90.43,117.99,16.13,1.71,29.37,20.95,195,Moderate
25-02-2018,61.99,250.5,83.36,66.23,102.86,19.18,1.11,24.09,35.85,232,Poor
26-02-2018,58.94,171.6,15.01,80.37,49.45,19.85,0.94,21.12,49.87,182,Moderate
27-02-2018,48.33,136.39,11.32,59.48,40.83,16.1,0.77,17.88,37.29,131,Moderate
28-02-2018,50.69,151.74,16.79,67.88,49.76,15.15,0.76,19.73,36.33,128,Moderate
01-03-2018,56.85,149.89,14.87,58.84,43.38,15.32,0.82,18.51,38.14,142,Moderate
02-03-2018,54.86,138.5,12.4,49.57,36.46,15.31,0.77,22.91,31.66,124,Moderate
03-03-2018,37.05,124.78,7.76,56.87,36.56,13.23,0.71,39.68,28,118,Moderate
04-03-2018,31.85,118.47,9.1,57.8,38.14,10.22,0.71,27.14,26.32,115,Moderate
05-03-2018,47.48,133.72,10.51,51.33,35.96,12.15,0.83,20.42,24.56,121,Moderate
06-03-2018,48.65,123.68,5.95,43.91,28.18,12.89,0.77,15.75,43.75,124,Moderate
07-03-2018,64.04,147.36,13.35,48.57,36.69,18.27,0.88,13.82,31.67,115,Moderate
08-03-2018,50.73,96.61,2.52,20.95,13.2,16.02,0.54,2.57,50.33,124,Moderate
09-03-2018,45.48,84.41,2.12,23.2,14.06,15.28,0.56,3.81,52.11,85,Satisfactory
10-03-2018,60.64,143.53,12.17,44.34,33.86,15.37,0.75,11.94,45.95,114,Moderate
11-03-2018,63.92,142.07,7.35,52.48,33.9,12.73,0.82,14.67,42.88,126,Moderate
12-03-2018,57.28,125.83,9.02,48.37,33.06,12.37,0.73,19.82,31.2,120,Moderate
13-03-2018,48.89,122.96,10.99,55.29,38.34,10.16,0.78,18.72,27.85,112,Moderate
14-03-2018,39.85,123.78,9.77,56.73,38.12,10.12,0.78,22.65,29.5,117,Moderate
15-03-2018,42.34,107.78,16.56,39.02,34.22,10.74,0.83,20.9,11.81,109,Moderate
16-03-2018,42.47,83.23,7.66,34.41,24.53,12.16,0.62,10.7,20.39,99,Satisfactory
17-03-2018,96.1,175.91,9.9,66.65,43.48,15.38,1.1,15.43,57.75,148,Moderate
18-03-2018,93.98,157.14,8.91,52.36,35.1,14.86,0.91,11.91,51.39,224,Poor
19-03-2018,67.56,108.03,7.26,39.88,27.24,14.5,0.66,9.05,37.93,168,Moderate
20-03-2018,55.97,106.51,8.08,40.7,28.34,12.55,0.64,17.06,22.72,105,Moderate
21-03-2018,60.63,120.63,14.38,46.99,36.83,14.27,0.76,22.86,10.8,107,Moderate
22-03-2018,51.64,108.06,10.31,41.97,30.71,11.16,0.68,16.68,17.12,110,Moderate
23-03-2018,55.66,139.74,5.8,41.72,26.56,11.71,0.93,13.78,17.41,121,Moderate
24-03-2018,54.05,115.06,4.25,31.7,20.32,12.93,0.65,8.25,25.26,116,Moderate
25-03-2018,45.64,97.95,4.34,27.43,18.13,13.32,0.54,4.7,29.04,106,Moderate
26-03-2018,51.89,114.38,7.66,37.22,26.01,11.49,0.72,9.25,23.1,99,Satisfactory
27-03-2018,48.2,107.48,12.51,40.51,31.57,10.91,0.67,24.17,13.97,110,Moderate
28-03-2018,30.53,74.44,9.91,29.04,23.28,7.57,0.56,18.48,12.55,88,Satisfactory
29-03-2018,27.49,67.21,5.33,29.4,19.76,9.57,0.57,10.65,17.22,71,Satisfactory
30-03-2018,29.82,75.32,5.43,27.29,18.9,8.17,0.52,10.8,21.54,73,Satisfactory
31-03-2018,38.7,94.22,7.62,39.01,26.95,7.64,0.6,14.53,20.53,82,Satisfactory
01-04-2018,36.96,88.07,9.2,34.75,25.96,7.44,0.62,10.53,19.03,101,Moderate
02-04-2018,29.16,87.32,3.33,30.39,18.88,6.55,0.44,9.41,54.44,95,Satisfactory
03-04-2018,22.21,55.07,6.84,21.58,17.04,7.39,0.5,3.93,19.39,62,Satisfactory
04-04-2018,23.84,69.72,5.35,30.58,20.62,7.9,0.43,5.31,23.36,70,Satisfactory
05-04-2018,27.42,71.41,6.35,35.01,23.79,5.99,0.49,9.32,44.52,72,Satisfactory
06-04-2018,38.43,102.08,9.74,35.61,26.06,9.51,0.56,10.75,14.98,89,Satisfactory
07-04-2018,36.88,82.95,8.42,33.99,24.67,9.1,0.53,12.06,13.83,95,Satisfactory
08-04-2018,23.42,42.92,2.35,21.57,12.33,6.97,0.31,2.33,65.33,84,Satisfactory
09-04-2018,39.79,89.78,14.78,40.3,33.42,8.53,0.58,4.88,23.42,75,Satisfactory
10-04-2018,47.17,97.93,10.02,37.12,27.18,10.42,0.63,13.77,29.1,90,Satisfactory
11-04-2018,29.43,69.38,11.05,30.01,24.95,8.84,0.52,11.95,18.46,85,Satisfactory
12-04-2018,22.09,54.98,10.22,28.51,23.41,11.4,0.5,10.36,17.47,59,Satisfactory
13-04-2018,28.25,83.68,13.24,35.98,29.83,8.67,0.51,17.9,17.23,81,Satisfactory
14-04-2018,18.89,55.15,11.59,23.41,21.87,8.92,0.56,15.35,12.73,54,Satisfactory
15-04-2018,15.53,54.14,10.17,27.48,22.81,10.69,0.48,10.19,14.2,66,Satisfactory
16-04-2018,17.15,57.66,10,28.43,23.25,9.46,0.48,16.84,20.28,55,Satisfactory
17-04-2018,27.23,85.09,11.53,33.99,27.44,11.95,0.64,27.9,13.08,78,Satisfactory
18-04-2018,19.46,66.45,17.02,31.74,30.71,10.66,0.51,27.42,14.73,71,Satisfactory
19-04-2018,17.86,65.64,9.19,28.5,22.62,9.01,0.48,14.34,24,66,Satisfactory
20-04-2018,16.36,69.43,9.87,24.01,20.8,10.93,0.57,16.12,11.16,65,Satisfactory
21-04-2018,21.74,83.35,6.69,23.61,17.99,9.78,0.59,8.98,15.06,80,Satisfactory
22-04-2018,15.93,66.29,12.65,23.5,22.78,8.24,0.34,33.14,12.63,76,Satisfactory
24-04-2018,29.64,86.19,8.02,35.29,25.25,11,0.59,16.03,20.32,98,Satisfactory
25-04-2018,25.81,87.92,11.32,27.12,22.65,8.44,1.77,18.84,18.82,86,Satisfactory
26-04-2018,21.97,81.58,12.77,26.51,24.58,8.56,0.52,22.25,12.68,76,Satisfactory
27-04-2018,16.34,52.24,7.04,18.01,15.3,11.11,0.38,10.65,15.38,77,Satisfactory
28-04-2018,13.9,54.07,7.84,19.48,16.05,9.87,0.44,13.13,11.69,49,Good
29-04-2018,17.59,69.48,9.11,22.83,19.56,9.38,0.44,11.63,13.03,60,Satisfactory
30-04-2018,14.44,60.54,9.24,21.94,19.32,10.65,0.4,12.1,13.62,67,Satisfactory
01-05-2018,14.65,58.94,5.99,29.04,20.39,9.81,0.43,4,37.8,65,Satisfactory
02-05-2018,31.6,127.69,15.55,51.33,39.94,11.65,0.61,14.33,25.02,91,Satisfactory
04-05-2018,22.42,81.52,8.05,40.78,28.23,9.49,0.46,17.91,23.02,84,Satisfactory
05-05-2018,18.79,72.55,9.84,25.71,21.68,9.26,0.42,4.96,15.94,77,Satisfactory
06-05-2018,14.83,77.05,10.29,23.09,20.64,7.75,0.53,11.51,13.08,70,Satisfactory
07-05-2018,16.6,72.27,12.23,27.91,24.92,8.1,0.52,16.18,14.68,81,Satisfactory
08-05-2018,19.95,87.8,8.49,27.69,21.76,9.69,0.61,14.62,18.42,84,Satisfactory
09-05-2018,19.27,81.33,9.64,27.8,22.62,8.11,0.62,6.64,13.05,102,Moderate
10-05-2018,20.57,94.77,12.86,35.37,29.28,9.21,0.53,20.22,13.27,90,Satisfactory
11-05-2018,9.35,58.97,6.29,23.46,17.59,8.95,0.41,11.06,21.44,77,Satisfactory
12-05-2018,81.14,64.46,8.78,34.7,25.57,10.15,0.46,8.49,34.93,119,Moderate
13-05-2018,16.11,71.82,7.45,25.8,19.79,10.66,0.48,8.2,7.76,130,Moderate
15-05-2018,25.41,87.91,16.73,46.17,38.16,9.92,0.42,13.34,21.87,81,Satisfactory
16-05-2018,17.96,78.44,14.68,30.47,28.15,9.42,0.5,16.64,11.08,76,Satisfactory
17-05-2018,12,71.64,11.45,20.48,20.2,10,0.55,12.17,10.33,79,Satisfactory
18-05-2018,20.89,89.72,10.87,38.54,27.36,11.46,0.61,22.45,24.42,69,Satisfactory
19-05-2018,20.64,84.06,9.32,29.74,23.52,10.08,0.44,9.07,18.33,101,Moderate
20-05-2018,16.73,76.61,5.59,25.98,18.36,12.33,0.32,8.63,10.75,76,Satisfactory
22-05-2018,14.85,66.39,10,25.75,21.83,10.05,0.37,4.89,14.19,75,Satisfactory
23-05-2018,11.81,53.12,7.66,20.44,17.1,9.4,0.37,7.35,11.97,60,Satisfactory
24-05-2018,13.64,50.59,10.64,22.38,20.56,10.12,0.35,8.21,9.98,47,Good
25-05-2018,11.32,39.54,7.05,20.52,16.65,10.89,0.27,5.47,12.88,44,Good
26-05-2018,13.25,31.62,4.89,13.2,11,10.11,0.3,2.76,21.74,40,Good
27-05-2018,14.42,43.25,6.27,20.85,16.04,10.73,0.35,4.16,17.36,38,Good
28-05-2018,25.1,76.72,10.74,30.18,24.95,12.93,0.48,13.46,13.69,56,Satisfactory
29-05-2018,27.11,80.88,6.3,28.35,20.21,11.33,0.39,13.61,22.99,87,Satisfactory
30-05-2018,37.85,106.22,3.26,27.18,17.11,12.73,0.41,9.87,37.66,98,Satisfactory
31-05-2018,34.18,107.24,2.87,20.48,13.24,12.8,0.43,3.51,42.74,103,Moderate
01-06-2018,39.17,102.24,6,33.55,22.91,13.36,0.43,7.38,30.22,107,Moderate
02-06-2018,30.78,86.36,7.32,35.75,24.94,13.82,0.54,4.75,30.05,89,Satisfactory
03-06-2018,38.25,121.95,10.15,69.53,45.23,20.09,0.55,13.42,14.32,90,Satisfactory
05-06-2018,57.79,144.62,6.22,51.13,32.14,11.48,0.51,12.56,40.88,124,Moderate
06-06-2018,35.24,84.35,6.1,46.12,29.49,10.57,0.5,10.84,42.3,101,Moderate
07-06-2018,28.43,68.43,3.91,27.3,17.03,17.38,0.4,5.92,62.99,82,Satisfactory
09-06-2018,36.75,83.33,7.13,43.22,28.75,11.47,0.45,15.33,36.89,95,Satisfactory
10-06-2018,28.69,66.84,7.43,46.76,30.91,11.62,0.41,11.71,32.48,81,Satisfactory
11-06-2018,30.94,87.54,7.83,44.8,30.2,10.87,0.41,11.93,29.61,82,Satisfactory
12-06-2018,35.48,100.2,21.41,52.86,42.93,10.19,0.93,15.22,10.92,83,Satisfactory
13-06-2018,35.64,136.51,9.51,46.06,32.36,12.77,0.63,19.68,26.85,105,Moderate
14-06-2018,38.98,148.5,8.86,46.8,32.22,14.31,0.53,18.59,32.99,126,Moderate
15-06-2018,53.56,188.11,7.4,52.52,33.19,14.28,0.55,26.72,30.34,151,Moderate
16-06-2018,50.78,173.25,6.21,41.44,27.28,15.95,0.39,21.93,47.03,158,Moderate
21-06-2018,27.7,106.31,1.39,38.37,21.07,12.44,0.35,15.97,27.5,112,Moderate
22-06-2018,27.05,74.19,1.7,38.98,21.59,12.69,0.46,9.52,26.54,92,Satisfactory
23-06-2018,26.17,97.3,1.42,36.83,20.54,12.72,0.54,11.83,24.5,79,Satisfactory
24-06-2018,30.25,95.68,1.34,35.29,19.72,12.73,0.46,18.1,33.16,101,Moderate
25-06-2018,30,113.06,1.08,35.52,19.41,11.41,0.43,10.95,40.09,97,Satisfactory
27-06-2018,33.04,113.38,2.63,41.73,23.17,10.05,0.56,18.17,13.23,111,Moderate
28-06-2018,27.29,70.27,1.92,38.39,21.26,8.61,0.45,17.86,16.53,84,Satisfactory
29-06-2018,32.92,84.65,1.9,44.95,24.58,9.62,0.7,11.38,12.07,76,Satisfactory
30-06-2018,33.78,79.51,1.56,36.11,20.18,12.56,0.43,12.05,24.91,85,Satisfactory
01-07-2018,32.22,91.28,1.51,37.53,20.92,10.45,0.56,13.1,21.67,79,Satisfactory
02-07-2018,31.92,79.9,1.43,34.59,19.33,11.96,0.48,15.3,20.82,95,Satisfactory
03-07-2018,38.8,86.26,2.42,44.72,25.19,11.77,0.5,13.39,18.01,80,Satisfactory
04-07-2018,33.39,102.52,2.81,45.59,26.38,11.74,0.45,15.11,22.69,90,Satisfactory
05-07-2018,24.36,91.04,2.81,41.02,23.76,9.97,0.43,10.52,16.46,100,Satisfactory
06-07-2018,27.25,71.62,11.52,41.73,31.19,10.3,0.54,12.32,16.69,85,Satisfactory
07-07-2018,35.14,101.2,12.11,42.5,32.46,9.88,0.58,22.36,14.14,87,Satisfactory
08-07-2018,33.26,80.16,9.85,37.76,28.08,10.5,0.5,10.86,17.08,88,Satisfactory
09-07-2018,34.32,88.43,9.08,41.61,29.51,10.21,0.49,17,20.19,81,Satisfactory
10-07-2018,30.08,82.39,10.04,38.24,28.5,10.28,0.47,25.43,17.19,91,Satisfactory
11-07-2018,31.55,84.57,22.42,43.01,41.13,13.34,0.4,27.6,9.27,83,Satisfactory
12-07-2018,25.83,70.56,19.44,43.68,38.33,16.21,0.85,30.88,9.06,84,Satisfactory
13-07-2018,28.16,82.2,14.49,36.77,31.34,11.59,0.45,19.09,12.36,68,Satisfactory
14-07-2018,36.57,84.99,16.34,37.66,33.32,9.84,0.54,2.72,7.93,91,Satisfactory
15-07-2018,21.84,49.03,14,35.28,30.14,6.86,0.42,3.69,5.98,68,Satisfactory
16-07-2018,28.49,99.19,12.1,33.71,27.76,15.54,0.52,14.09,9.15,70,Satisfactory
17-07-2018,22.82,74.76,12.19,33.08,26.54,17.79,0.37,13.4,12.67,89,Satisfactory
18-07-2018,29.86,82.04,12.74,32.84,27.82,12.91,0.49,5.17,12.63,82,Satisfactory
19-07-2018,22.54,58.77,12.38,34.15,28.24,13.19,0.39,6.51,13.41,69,Satisfactory
20-07-2018,27.9,67.82,24.2,39.37,40.61,9.28,0.55,5.16,7.57,63,Satisfactory
21-07-2018,27.85,59.59,20.46,39.62,37.7,7.66,0.58,3.7,8.23,67,Satisfactory
22-07-2018,32.61,91.42,11.81,36.09,28.8,7.27,0.51,10.45,11.48,81,Satisfactory
23-07-2018,36.78,138.91,10.14,37.23,28.04,10.9,0.72,13.25,17.24,104,Moderate
24-07-2018,41.99,137.9,9.11,38.59,27.93,11.81,0.58,11.7,18.61,127,Moderate
25-07-2018,43.56,128.51,10.1,38.15,28.5,10.99,0.66,9.21,16.97,123,Moderate
26-07-2018,44.48,150.92,11.06,43.93,32.35,8.22,0.59,7.5,14.34,130,Moderate
27-07-2018,35.02,127.79,10.73,38.7,29.3,8.57,0.55,12.02,13.41,125,Moderate
28-07-2018,35.58,108.84,8.78,35.59,26.06,9.96,0.53,11.23,19.99,113,Moderate
29-07-2018,40.33,127.5,9.14,34.26,25.65,8.97,0.45,7.3,17.03,114,Moderate
30-07-2018,43,157,15.52,52.68,40.03,9.86,0.99,12.92,14.31,118,Moderate
02-08-2018,40.26,109.01,9.59,34.1,25.94,8.08,0.33,7.57,19.84,117,Moderate
03-08-2018,52.43,165.01,12.56,40.08,31.53,8.35,0.51,7.34,16.1,130,Moderate
04-08-2018,53.49,166.88,17.65,46.16,38.91,10.33,0.67,6.51,18.95,142,Moderate
06-08-2018,48.5,140.55,14.91,45.67,36.42,12.04,0.59,11.38,20.66,109,Moderate
07-08-2018,45.4,83.09,14.02,34.88,29.95,11.13,0.52,2.45,8.5,106,Moderate
08-08-2018,39.1,82.99,16.86,41.31,35.68,9.07,0.6,5.02,8.57,73,Satisfactory
09-08-2018,44.7,109.74,11.97,37.98,29.93,10.93,0.61,9.11,13.38,100,Satisfactory
10-08-2018,53.32,107.32,17.93,45.44,38.74,12.2,0.64,7.69,11.07,107,Moderate
11-08-2018,34.35,71.82,20.47,42.32,39.15,8.31,0.6,4.71,6.46,93,Satisfactory
12-08-2018,21.86,49.71,21.28,42.23,39.76,11.7,0.48,6.46,7.68,76,Satisfactory
17-08-2018,25.69,69.31,12.56,42.03,32.56,35.17,0.53,8.05,9.7,87,Satisfactory
18-08-2018,32.84,68.96,14.69,43.43,35.14,17.54,0.56,11.58,8.85,72,Satisfactory
19-08-2018,17.9,52.3,10.04,40.17,29.52,38.77,0.51,14.66,11.03,63,Satisfactory
21-08-2018,20.96,48.4,14.68,32.21,29.07,11.45,0.85,30,9.95,54,Satisfactory
22-08-2018,30.03,67.02,12.31,32.93,27.52,10.7,0.88,22.77,13.26,61,Satisfactory
23-08-2018,31.38,71.25,9.39,31.63,24.45,11.36,0.91,21.64,16.3,74,Satisfactory
28-08-2018,41.97,108.88,13.79,48.76,37.14,12.83,0.9,10.66,29.39,122,Moderate
29-08-2018,48.18,133.73,10.11,38.12,28.09,9.07,1.11,5.28,16.78,118,Moderate
30-08-2018,43.89,110.32,6.23,28.8,20.38,8.75,0.84,4.08,25.09,114,Moderate
31-08-2018,51.3,125.77,31.93,47.77,51.37,8.02,1.36,3.97,14.49,116,Moderate
01-09-2018,35.33,84.6,30.83,43.2,48.05,6.05,1.13,6.77,9.39,108,Moderate
02-09-2018,39.86,99.71,12.03,37.89,29.94,8.39,1,25.01,18.72,87,Satisfactory
03-09-2018,45.16,104.47,11,41.65,31.1,9.71,0.95,31.5,17.51,97,Satisfactory
04-09-2018,41.12,101.34,12.18,41.07,31.75,8.39,0.97,3.64,18.32,107,Moderate
05-09-2018,39.34,91.6,15.02,39.76,33.36,8.29,0.89,5.25,16.05,96,Satisfactory
06-09-2018,48.18,133.49,18.2,45.56,39.04,8.03,0.93,11.99,11.47,106,Moderate
07-09-2018,41.28,105.99,16.49,42.57,36.04,7.55,0.96,8.45,13.77,118,Moderate
08-09-2018,47.03,134.82,10.82,37.44,28.72,8.34,0.88,8.23,27.53,110,Moderate
09-09-2018,65.02,165.7,13.02,32.44,27.85,9.17,1.03,3.32,36.85,141,Moderate
10-09-2018,48.09,123.99,9.82,37.19,27.76,8.04,0.95,2.95,21.01,129,Moderate
11-09-2018,47.34,100.31,15,41.09,34.05,8.5,0.98,3.86,16.42,105,Moderate
12-09-2018,56.6,114.28,9.97,38.93,28.81,9.14,1.01,4.19,14.83,106,Moderate
13-09-2018,64.77,109.78,5.32,26.21,18.28,8.12,0.86,2.81,21.69,121,Moderate
14-09-2018,62.18,117.69,12.39,42.52,32.7,9.82,1.13,6.77,17.75,100,Satisfactory
15-09-2018,62.22,147.66,18.31,44.38,38.49,10.56,1.03,3.05,28.63,138,Moderate
16-09-2018,67.61,192.29,10.63,51.88,36.23,11.24,0.95,2.85,26.42,154,Moderate
17-09-2018,33.98,79.99,9.87,32.51,25.32,8.45,0.91,2.35,22.78,96,Satisfactory
18-09-2018,41.23,104.04,10.84,40.65,30.44,8.51,1.01,2.47,25.53,100,Satisfactory
19-09-2018,47.77,129.97,12.96,43.66,33.75,10.27,0.97,2.73,24.79,119,Moderate
20-09-2018,71.26,105.67,16.14,51.8,40.68,11.68,1.05,3.22,16.1,110,Moderate
21-09-2018,37.58,74.29,7.22,35.07,24.52,9.31,0.81,5.38,38.07,102,Moderate
22-09-2018,38.53,71.96,7.7,31.62,23.08,8.99,0.7,2.13,38.9,77,Satisfactory
23-09-2018,38.46,101.61,17.9,28.05,29.47,6.47,0.45,1.31,40.03,114,Moderate
24-09-2018,29.18,77.84,15.92,28.82,28.26,6.01,0.51,2.37,15,78,Satisfactory
25-09-2018,28.61,79.11,10.51,31.75,25.44,7.03,0.43,2.01,33.31,86,Satisfactory
26-09-2018,34.19,104.24,16.91,38.97,34.49,8.2,0.65,3.82,22.36,98,Satisfactory
27-09-2018,36.81,92.5,16.21,34.54,31.55,9.9,0.54,4.44,17.16,99,Satisfactory
28-09-2018,18.71,55.55,14.94,27.41,26.73,13.13,0.18,4.46,11.52,66,Satisfactory
29-09-2018,28.19,86.03,20.98,26.8,31.31,8.29,0.56,2.81,21.05,70,Satisfactory
30-09-2018,52.09,119.12,19.75,27.89,30.9,7.62,0.46,3.09,36.61,104,Moderate
01-10-2018,73.3,125.23,8.21,29.07,22.13,21.52,0.52,3.69,47.84,157,Moderate
02-10-2018,64,137.38,13.61,32.38,27.8,47.68,0.49,4.75,44.3,122,Moderate
04-10-2018,62.23,141.49,15.72,37.26,32.44,27.72,0.66,3.19,18.47,117,Moderate
05-10-2018,57.35,154.36,22.65,42.21,40.86,24.63,0.57,3.3,21.5,130,Moderate
06-10-2018,78.54,181.76,18.59,46.02,39.58,24.65,0.68,3.7,26.83,149,Moderate
07-10-2018,69.29,155,5.47,32.8,21.9,17.76,0.55,3.7,37.8,153,Moderate
08-10-2018,54.88,122.81,4.5,27.32,18.25,21.39,0.57,3.87,39.34,107,Moderate
09-10-2018,42.4,126.5,5.03,30.66,20.39,14.7,0.54,3.71,35.3,112,Moderate
10-10-2018,31.74,93.9,9.86,39.07,28.8,12.68,0.64,8.16,33.84,112,Moderate
11-10-2018,49.33,137.83,14.88,63.88,46.08,14.13,0.96,28.82,22.92,106,Moderate
12-10-2018,43.88,110.35,10.23,49.84,34.83,12.58,0.69,12.45,29.07,115,Moderate
13-10-2018,69.73,118.55,6.53,36.05,24.48,15.64,0.53,5.9,50.27,122,Moderate
14-10-2018,58.04,99.35,14,49.77,37.85,12.16,0.61,8.68,37.85,114,Moderate
15-10-2018,49.55,100.07,18.38,51.42,42.3,12.79,0.71,11.62,32.89,98,Satisfactory
16-10-2018,40.69,83.99,13.28,29.18,26.32,10.36,0.51,2.9,35.62,98,Satisfactory
17-10-2018,53.01,89.9,9.11,33.06,25,11.6,0.54,4.91,49.86,80,Satisfactory
18-10-2018,86.27,164.46,22.33,62.09,51.18,12.52,0.8,20.28,66.53,144,Moderate
19-10-2018,145,209.56,9.88,50.73,35.02,13.74,0.78,13.31,66.45,181,Moderate
20-10-2018,69.05,187.53,9.8,45.83,32.34,13.85,0.67,10.09,66.17,168,Moderate
21-10-2018,99.12,213.95,18.6,56.25,45.03,14.97,0.75,12.67,64.33,199,Moderate
22-10-2018,107.88,250.11,11.74,57.23,39.99,16.5,0.79,14.24,85.98,236,Poor
23-10-2018,111.32,249.15,20.04,78.4,58,16.3,0.97,15.35,59.59,288,Poor
24-10-2018,90.26,226.33,19.84,63.2,49.75,13.67,1.04,22.56,51.64,228,Poor
25-10-2018,78.89,198.9,28.48,62.3,56.28,12.4,0.9,13.32,57.29,177,Moderate
26-10-2018,52.93,123.25,4.02,42.35,25.79,10.93,0.77,6.46,88.11,152,Moderate
27-10-2018,63.16,208.22,12.52,57.54,40.79,11.09,0.76,11.04,84.77,160,Moderate
28-10-2018,44.31,107.47,3.41,22.51,14.74,10.49,0.61,7.37,128.93,182,Moderate
29-10-2018,34.42,70.48,3.57,19.74,13.4,10.27,0.63,5.3,93.99,118,Moderate
30-10-2018,37.5,72.83,3.66,19.84,13.53,10.18,0.61,5.71,73.12,95,Satisfactory
31-10-2018,22.75,49.88,3.69,16.98,12.03,8,0.57,4.18,43.39,63,Satisfactory
01-11-2018,11.04,32.91,3.75,14.93,10.99,6.7,0.54,3.22,37.97,47,Good
02-11-2018,11.34,36.49,4.36,14.72,11.38,7.15,0.56,2.65,29.71,44,Good
03-11-2018,7.47,29.02,4.44,12.91,10.48,6.46,0.54,1.93,26.99,38,Good
04-11-2018,8.24,28.92,3.68,10.16,8.4,5.85,0.54,2.07,29.15,40,Good
05-11-2018,11.35,38.83,10.19,17.47,17.57,6.06,0.6,2.72,22.95,44,Good
06-11-2018,30.77,89.68,28.77,42.96,46.24,7.16,0.75,6.5,26.63,74,Satisfactory
07-11-2018,101.79,160.09,27.33,44.43,45.85,7.79,0.74,19,39.23,112,Moderate
08-11-2018,198.38,196.15,25.58,41.63,42.95,10.07,0.73,19.32,43.18,387,Very Poor
09-11-2018,48.16,108.47,13.22,29.96,26.68,12.58,0.66,5.47,40.88,142,Moderate
10-11-2018,66.51,160.33,14.16,33.99,29.59,14.08,0.74,13.53,51.26,127,Moderate
11-11-2018,87.49,141.5,3.14,18.34,12.31,14.63,0.69,15.16,118.98,147,Moderate
12-11-2018,90.03,157.27,4.08,32.85,20.8,13.39,0.92,12.25,113.48,214,Poor
13-11-2018,56.29,120.8,3.58,24.96,16.19,9.87,0.75,10.24,116.88,170,Moderate
14-11-2018,72.47,131.34,3.42,21.2,14.06,10.68,0.75,8.52,133.4,170,Moderate
15-11-2018,57.22,108.41,3.29,18.49,12.5,9.31,0.73,5.04,101.83,139,Moderate
16-11-2018,54.95,111.88,3.34,17.67,12.13,8.49,0.81,3.19,78.71,103,Moderate
17-11-2018,57.21,138.21,7.95,20.42,17.34,9.23,0.7,3.03,63.84,131,Moderate
18-11-2018,40.27,97.11,10.89,27.34,23.39,7.52,0.64,8.67,37.11,107,Moderate
19-11-2018,42.25,88.83,3.41,15.38,10.95,9.2,0.63,3.94,60.08,86,Satisfactory
20-11-2018,47.82,94.72,4.15,16.99,12.42,10.43,0.66,5.07,60.2,96,Satisfactory
01-12-2018,61.71,120.39,6.39,37.42,25.09,15.55,0.68,7.74,84.67,112,Moderate
05-12-2018,89.61,148.52,4.41,29.08,19.05,13.29,0.85,5.29,130.07,187,Moderate
06-12-2018,96.08,154.93,3.87,21.61,14.65,13.38,0.89,4.41,130.61,213,Poor
07-12-2018,105.85,84,3.89,20.12,13.87,13.78,0.85,5.66,119.86,231,Poor
09-12-2018,114.86,180.89,4.31,24.2,16.37,14.97,0.84,8.94,155.27,274,Poor
10-12-2018,86.25,155.66,4.12,32.87,20.84,12.86,0.65,8.1,161.93,282,Poor
11-12-2018,74.06,141.28,4.14,35.65,22.34,11.33,0.83,6.01,162.33,233,Poor
12-12-2018,69.72,122.47,4.28,28.88,18.79,10.83,0.84,5.33,93.69,176,Moderate
13-12-2018,82.35,135.92,4.34,27.44,18.12,12.38,0.84,5.79,86.41,160,Moderate
14-12-2018,80.16,144.93,4.29,20.91,14.62,12.2,0.79,7.69,98.99,145,Moderate
15-12-2018,78.08,168.15,4.05,19.55,13.69,11.99,0.72,10.34,88.9,171,Moderate
16-12-2018,53.03,107.74,4.65,22.34,15.67,10.4,0.61,7.09,49.89,130,Moderate
17-12-2018,24.85,42.28,4.73,15.9,12.29,8.39,0.58,2.94,51.06,79,Satisfactory
18-12-2018,5.89,24.42,11.44,36.94,27.3,7.9,0.54,3.65,17.13,61,Satisfactory
19-12-2018,8.6,26.8,5.11,20.6,15.12,7.57,0.46,2.81,37.63,49,Good
22-12-2018,63.48,97.28,4.38,29.34,19.17,12.95,0.62,19.89,78.72,91,Satisfactory
26-12-2018,118.3,193.27,32.54,93.1,75.97,12.4,1.08,7.03,116.49,291,Poor
27-12-2018,111.24,195.18,31.43,79.61,67.9,13.77,0.92,19.05,119.87,276,Poor
28-12-2018,100.63,179.35,10.12,58.23,39.29,14.99,0.73,12.57,115.35,255,Poor
29-12-2018,77.43,137.85,3.76,40.68,24.69,14.13,0.65,17.41,104.11,220,Poor
30-12-2018,70.2,116.5,2.04,21.96,13.33,12.9,0.47,17.86,99.99,152,Moderate
01-01-2019,131.6,278.71,24.58,103.42,74.99,12.25,1.26,31,61.02,278,Poor
02-01-2019,132.69,265.78,16.21,92.32,62.29,14.25,1.28,28.06,91.78,298,Poor
03-01-2019,148.04,285.83,25.44,103.9,75.95,16.96,1.38,29.16,93.29,319,Very Poor
04-01-2019,139.55,244.16,30.48,92.53,73.99,15.53,1.25,23.07,106.51,315,Very Poor
05-01-2019,116.68,170.85,3.06,40.15,23.83,15.5,0.95,13.47,146.19,299,Poor
06-01-2019,132.1,199.8,12.3,73.49,49.08,14.04,1.12,11.81,99.07,304,Very Poor
07-01-2019,119.16,250.09,17.85,87.59,61.1,13.93,1.2,14.7,60.8,307,Very Poor
08-01-2019,136.86,297.86,41.81,130.26,103.28,15.5,1.51,41.63,72.8,296,Poor
09-01-2019,137.45,285.72,29.95,87.03,70.65,15.99,1.4,21.05,105.07,320,Very Poor
10-01-2019,135.46,227.11,17.84,67.15,50.23,18.86,1.08,16.33,121.45,309,Very Poor
11-01-2019,106.66,161.56,3.3,33.85,20.69,15.22,0.86,11.83,113.11,279,Poor
12-01-2019,115.8,203.73,17.74,56.99,44.71,13.85,1,17.47,90.12,291,Poor
13-01-2019,120.2,206.55,14.84,57.3,42.55,11.64,1.02,15.43,96.41,280,Poor
14-01-2019,203.05,306.16,20.25,80.39,59.22,16.24,1.71,36.83,83.48,343,Very Poor
15-01-2019,76.5,269.04,18.07,63.35,48.39,10.91,1.24,31.62,64.29,281,Poor
17-01-2019,102.42,213.54,5.7,29.75,20.46,12.18,0.96,14.97,128.67,199,Moderate
18-01-2019,126.4,253.02,16.19,58.08,44.05,11.49,1.12,20.4,109.19,274,Poor
19-01-2019,125.44,228.39,26.37,74.49,61.06,10.36,1.24,31.84,99.66,305,Very Poor
20-01-2019,125.76,267.76,35.02,78.53,70.25,10.11,1.29,20.76,80.84,307,Very Poor
21-01-2019,143.69,283.17,20.65,62.47,50.02,12.72,1.3,26,42.56,313,Very Poor
22-01-2019,129.7,254.44,20.44,59.43,48.23,11,1.24,16.05,17.55,315,Very Poor
23-01-2019,118.46,137.7,34.77,76.17,68.79,16.81,1.09,19.4,30.27,302,Very Poor
24-01-2019,115.56,233.08,32.41,47.81,51.88,15.06,1.16,25.46,27.6,281,Poor
25-01-2019,100.56,198.95,52.11,41.78,64.6,12.75,1.1,19.65,7.36,257,Poor
26-01-2019,45.94,56.4,14.33,22.82,23.79,14.3,0.63,7.14,25.44,113,Moderate
27-01-2019,80.45,129.08,2.37,17.27,11.11,17.47,0.78,6.64,69.36,101,Moderate
28-01-2019,85.77,138.65,6.2,42.57,27.67,14.85,0.88,8.47,51.84,196,Moderate
29-01-2019,79.75,127.43,5.36,44.93,28.26,14.54,0.83,8.68,62.36,172,Moderate
30-01-2019,71.88,117.96,2.97,33.23,20.1,13.49,0.71,10.28,77.3,160,Moderate
31-01-2019,57.58,106.17,2.8,35.5,21.16,11.43,0.7,7.14,89.74,117,Moderate
01-02-2019,53.84,106.93,11.78,51.62,37.03,10.88,0.84,7.87,83.16,116,Moderate
02-02-2019,99.81,212.2,36.94,71.07,67.85,15.66,1.19,11.1,52.71,205,Poor
03-02-2019,85.53,245.56,28.37,65.16,57.72,13.92,1.06,9.32,60.92,205,Poor
04-02-2019,71.09,144.15,6.02,46.25,29.51,14.77,0.85,5.64,77.64,147,Moderate
05-02-2019,111.01,243.2,40.38,74.52,72.46,16.53,1.32,10.17,49.65,228,Poor
06-02-2019,113.48,275.41,53.82,91.99,92.68,19.22,1.43,29.5,40.99,272,Poor
07-02-2019,118.36,278.92,58.1,85.31,92.62,22.25,1.57,28.7,53.62,283,Poor
08-02-2019,98.9,221.69,41.61,63.54,67.63,21.33,1.15,18.3,28.17,277,Poor
09-02-2019,76.34,140.91,12.42,42.83,32.88,19.15,0.83,13.4,21.97,165,Moderate
10-02-2019,76.17,86,4.18,31.31,20.05,14,0.82,5.9,42.82,147,Moderate
11-02-2019,59.05,124.13,3.08,28.13,17.47,12.39,0.68,4.38,65.86,126,Moderate
12-02-2019,54.84,126.53,3.32,33.09,20.3,11.44,0.72,5.12,69.7,114,Moderate
13-02-2019,59.6,124.4,4.22,33.96,21.5,10.85,0.78,6.52,91.09,122,Moderate
14-02-2019,94.42,178.56,30.85,60.03,57.02,11.61,1.06,8.19,50.52,182,Moderate
15-02-2019,55.03,94.34,3.61,30.02,17.16,10.53,0.74,6.43,59.81,144,Moderate
16-02-2019,67.33,138.24,24.49,44.68,43.67,10.43,0.86,7.87,37.87,115,Moderate
17-02-2019,50.92,109.68,6.96,34.62,24.08,9.49,0.81,11.06,28.92,109,Moderate
18-02-2019,51.74,100.88,12.68,37.14,30.07,8.91,0.79,20.8,17.83,109,Moderate
19-02-2019,33.27,71.67,6.19,20.37,15.87,8.37,0.68,4.56,15.31,84,Satisfactory
20-02-2019,39.61,86.76,17.41,24.55,27.22,8.72,0.72,5.77,13.42,82,Satisfactory
21-02-2019,51.81,115.7,24.02,36.12,38.74,9.88,0.83,15.92,17.11,98,Satisfactory
22-02-2019,52.8,118.58,10.35,40.23,29.58,10.5,0.67,10.17,28.71,103,Moderate
23-02-2019,51.41,128.17,11.2,47.12,33.81,9.68,0.84,13.49,17.21,118,Moderate
24-02-2019,41.71,144.36,14.69,50.67,38.99,11.17,0.72,33.77,20.74,124,Moderate
25-02-2019,48.26,165.39,16.54,36.7,33.12,14.7,1.11,24.73,12.13,137,Moderate
26-02-2019,52.58,169.83,8.1,28.68,21.83,13.21,0.89,7.1,1.55,148,Moderate
02-03-2019,15.89,52.28,5.49,14.77,11.88,18.19,0.45,4.55,24.44,48,Good
03-03-2019,26.93,69.05,9.16,20.86,18.4,19.16,0.55,6.16,25.91,63,Satisfactory
04-03-2019,27.8,87.02,9.33,24.13,20.15,16.91,0.73,10.33,15.8,78,Satisfactory
05-03-2019,22.27,91.01,11.92,26.61,23.91,15.04,0.67,11.33,12.4,92,Satisfactory
06-03-2019,42.23,111.52,10.3,32.32,25.64,15.18,0.74,14.82,13.43,102,Moderate
07-03-2019,30.85,93.77,7.01,23.55,17.86,13.6,0.67,7.93,20.43,104,Moderate
08-03-2019,33.92,81.68,16,29.37,28.39,14.64,0.77,4.45,27.64,81,Satisfactory
09-03-2019,27.95,96.17,26.94,39.08,42.69,9.47,0.86,5.18,13.08,80,Satisfactory
10-03-2019,19.08,75.6,18,36.5,34.05,9.02,0.61,12.53,9.47,79,Satisfactory
11-03-2019,21.22,93.11,16.6,42.49,36.09,7.21,0.83,17.44,9.42,74,Satisfactory
12-03-2019,30.96,123.07,15.16,53.94,41.01,6.77,0.71,25.05,14.33,105,Moderate
13-03-2019,42.54,133.44,11.91,51.99,37.33,9.45,0.71,23.47,15.38,121,Moderate
14-03-2019,50.39,159.08,20.49,61.21,49.22,9.92,0.84,25.54,16.02,131,Moderate
15-03-2019,43.56,116.19,10.54,38.18,28.88,10.07,0.72,12.45,22.29,130,Moderate
16-03-2019,28.18,95.94,5.96,25.99,18.67,8.88,0.59,8.67,18.53,107,Moderate
17-03-2019,34.35,105.79,12.83,37.82,30.54,11.04,0.62,13.1,15.39,98,Satisfactory
18-03-2019,30.15,79.98,8.63,29.19,22.42,9.72,0.57,35.88,34.91,98,Satisfactory
19-03-2019,32.39,100.66,13.28,43.73,34.05,9.23,0.68,4.7,21.36,100,Satisfactory
20-03-2019,27.53,72.87,6.94,28.71,20.92,9.03,0.64,9.69,20.53,78,Satisfactory
21-03-2019,23.36,66.43,10.06,29.64,23.95,7.49,0.79,9.32,22.21,74,Satisfactory
22-03-2019,36.33,115.06,16.25,42.43,35.79,8.6,0.96,27.76,10.36,91,Satisfactory
23-03-2019,31.12,105.29,12.4,36.11,29.29,8.76,0.77,11.71,13.51,114,Moderate
24-03-2019,31.06,108.14,15.64,35.72,31.71,7.9,0.87,11.38,10.46,101,Moderate
25-03-2019,36.77,89.98,15.7,35.59,31.69,7.68,0.83,4.85,15.33,99,Satisfactory
26-03-2019,24.49,64.93,13.33,30.89,27.27,6.13,0.7,8.09,8.37,81,Satisfactory
27-03-2019,24.5,76.36,12.35,33.42,27.82,6.14,0.68,10.25,12.09,71,Satisfactory
28-03-2019,30.49,93.56,9.58,33.41,25.56,6.78,0.77,15.85,14.54,87,Satisfactory
29-03-2019,31.8,102.51,9.63,28.23,22.85,7.16,0.83,11.6,15,91,Satisfactory
30-03-2019,37.15,104.69,15.62,36.12,31.91,7.17,0.86,12.35,8.66,103,Moderate
31-03-2019,44.75,133.71,18.2,45.4,38.95,7.48,0.88,22.5,8.84,110,Moderate
01-04-2019,43.25,133.41,8.31,35.51,25.64,6.01,0.94,10.1,17.23,126,Moderate
02-04-2019,28.42,103.06,11.85,36.19,28.89,5.34,0.95,17.8,10.37,108,Moderate
03-04-2019,27.5,89.44,13.6,35.23,29.79,5.19,0.88,14.67,9.43,101,Moderate
04-04-2019,27.02,103.61,20.57,32.42,33.96,4.97,0.87,21.15,4.48,91,Satisfactory
05-04-2019,23.63,77.64,21.08,25.85,30.79,5.33,0.72,19.17,4.17,96,Satisfactory
06-04-2019,32.96,109.5,13.85,43.6,34.45,6.14,0.63,8.55,9.24,86,Satisfactory
07-04-2019,25.61,85.39,8.02,41.37,28.52,5.39,0.64,12.44,17.83,105,Moderate
08-04-2019,22.42,79.8,14.26,22.97,23.82,4.41,0.8,4.42,5.25,81,Satisfactory
09-04-2019,23.73,81.76,19.81,23.77,28.74,5.25,0.85,6.88,5.09,80,Satisfactory
10-04-2019,33.69,99.18,14.32,22.46,23.58,5.62,0.66,5.13,9.26,100,Satisfactory
13-04-2019,27.28,106.57,14.48,42.29,34.27,6.29,0.8,7.57,30.51,96,Satisfactory
14-04-2019,20.65,85.16,16.65,31.55,30.32,6.09,0.71,9.19,7.99,99,Satisfactory
15-04-2019,28.84,107.04,20.1,36.27,35.64,6.95,0.84,16.08,7.94,89,Satisfactory
16-04-2019,31.45,120.82,20.27,42.89,39.3,7.41,0.87,19.8,9.43,110,Moderate
17-04-2019,35.3,116.16,15.75,33.42,30.58,7,0.8,6.68,10.95,114,Moderate
18-04-2019,31.25,102.2,15.92,24.69,26.08,5.86,0.75,5.09,7.71,111,Moderate
19-04-2019,22.48,68.45,10.03,18.99,18.27,5.28,0.65,3.89,8,88,Satisfactory
20-04-2019,21.76,73.93,14.91,28.49,27.27,5.19,0.71,4.05,8.68,71,Satisfactory
21-04-2019,25.62,86.99,20.55,44.16,40.2,6.25,0.79,2.61,7.01,79,Satisfactory
22-04-2019,29.58,78.81,8.56,33.58,24.82,6.46,0.65,3.6,23.29,85,Satisfactory
23-04-2019,26.19,68.03,10.22,26.87,22.6,5.44,0.61,3.32,17.99,72,Satisfactory
24-04-2019,21.88,60.43,13.66,22.74,23.2,5.26,0.6,2.76,8.57,63,Satisfactory
25-04-2019,37.51,114.06,14.93,23.73,24.76,5.05,0.88,3.31,8.22,83,Satisfactory
26-04-2019,38.9,120.33,12.73,27.19,24.81,24.31,0.79,2.88,11.15,116,Moderate
27-04-2019,29.45,96.85,12.22,23.62,22.35,34.25,1.01,2.41,9.02,113,Moderate
28-04-2019,25.92,104.1,16.81,19.16,23.85,38.69,0.83,3.27,8.65,102,Moderate
29-04-2019,18.89,65.88,14.16,15.71,19.87,42.9,0.61,5.58,7.06,85,Satisfactory
30-04-2019,12.9,52.79,8.44,15.86,15.3,43.25,0.61,5.1,10.51,56,Satisfactory
01-05-2019,13.18,50.34,4.75,18.79,13.85,25.06,0.58,5.3,10.63,46,Good
02-05-2019,15.1,55.1,9.33,35.9,26.68,13.04,0.57,6.22,5.82,50,Good
03-05-2019,59.67,198.42,10.9,49.52,35.21,12.07,1.16,4.15,25.37,97,Satisfactory
04-05-2019,52.61,180.09,4.74,32.12,20.93,31.66,0.86,2.49,36.58,175,Moderate
05-05-2019,65.23,220.1,6.93,42.18,28.07,26.72,0.95,3.66,32.99,160,Moderate
06-05-2019,67.2,216.54,7.84,31.58,23.17,31.93,0.9,3.34,26.11,190,Moderate
07-05-2019,56.08,194.4,11.34,35.5,28.1,25.79,0.85,3.37,15.57,163,Moderate
08-05-2019,54.82,183.91,6.11,22.26,16.8,41.26,0.64,2.01,23.67,166,Moderate
09-05-2019,61.23,188.33,8.18,26.94,20.98,16.66,1.16,4.41,33.61,151,Moderate
10-05-2019,56.23,171.44,4.67,18.5,13.62,26.89,0.81,3.73,36.53,163,Moderate
11-05-2019,49.08,163.64,5.63,11.09,10.49,3.62,0.87,3.19,25.23,140,Moderate
12-05-2019,44.74,147.05,4.91,10.19,9.26,23.45,0.71,3.32,24.45,138,Moderate
13-05-2019,43.14,168.58,7.54,11.43,12.19,9.65,0.98,2.82,17.65,135,Moderate
14-05-2019,37.06,122.82,5.88,10.67,10.43,5.51,0.69,2.64,19.63,129,Moderate
15-05-2019,45,113.4,5.28,4.13,6.02,7.08,0.9,7.43,23.34,116,Moderate
16-05-2019,29.21,130.06,10.51,19.75,18.92,12.63,0.84,9.12,15.88,111,Moderate
17-05-2019,35.01,127.26,10.53,40.82,30.27,4.86,0.97,7.74,16,125,Moderate
18-05-2019,40.21,139.76,13.36,42.51,33.59,5.31,0.96,6.94,14.09,117,Moderate
19-05-2019,38.02,124.52,11.59,38.62,29.97,6.32,0.68,25.27,11.39,127,Moderate
21-05-2019,31.98,117.35,11.57,32,26.43,6.16,0.79,9.84,11.98,108,Moderate
22-05-2019,32.84,120.24,14.11,32.44,28.73,17.9,0.67,13.58,11.28,115,Moderate
23-05-2019,26.16,103.66,10.78,28.5,23.92,12.54,0.73,10.67,10.02,106,Moderate
24-05-2019,29.8,104.97,9.9,29.1,23.53,5.34,0.77,11.11,13.22,101,Moderate
25-05-2019,39.15,123.66,9.88,31.19,24.62,7.44,0.82,7.83,17.42,109,Moderate
26-05-2019,57.41,131.82,5.22,33.59,22.11,4.44,0.75,7.1,26.98,126,Moderate
27-05-2019,31.75,127.6,7.55,34.42,24.46,3.11,0.79,6.71,32.66,120,Moderate
28-05-2019,39.54,117.65,12.21,51.29,37.33,1.9,1.06,18,29.81,106,Moderate
29-05-2019,33.95,112.15,11.21,44.94,32.14,1.71,0.85,29.13,19.85,114,Moderate
30-05-2019,33.91,103.26,6.99,42.39,28.22,2.52,0.8,17.44,23.55,111,Moderate
31-05-2019,37.1,107.98,6.56,31.49,22.21,4.8,0.77,4.73,24.16,103,Moderate
01-06-2019,45.29,106.33,7.38,29.3,21.59,8.43,0.76,6.79,30.85,103,Moderate
02-06-2019,50.58,137.62,6.03,33.15,22.59,14.25,0.79,7.03,26.69,87,Satisfactory
03-06-2019,29.74,101.8,17.14,44.6,37.79,3.6,0.9,6.22,19.75,97,Satisfactory
04-06-2019,42.08,113.64,18.3,50.29,41.75,3.73,0.86,9.46,16.86,109,Moderate
05-06-2019,50.27,126.08,5.74,31.49,21.31,12.96,0.85,7.79,25.76,88,Satisfactory
06-06-2019,38.91,123.12,8.69,35.15,25.77,4.53,0.84,8.96,22.76,117,Moderate
07-06-2019,45.26,127.45,8.4,35.69,25.79,6.4,0.85,13.73,18.08,121,Moderate
08-06-2019,37.51,118.95,6.51,32.28,22.46,3.04,0.74,11.74,18.21,109,Moderate
09-06-2019,55.58,133.27,6.45,46.77,30.12,5.79,0.9,14.09,31.21,119,Moderate
10-06-2019,47.28,116.44,5.79,51.94,32.33,5.43,0.82,15.56,40.04,122,Moderate
11-06-2019,37.53,113.19,8.34,49.11,32.91,3.74,0.74,14.49,24.99,99,Satisfactory
13-06-2019,27.89,94.44,5.57,43.7,27.77,2.49,0.75,12.47,35.08,112,Moderate
14-06-2019,39.18,130.58,10.88,54.95,38.2,2.65,0.97,18.97,21.48,101,Moderate
15-06-2019,37.35,138.02,7.87,46.38,31.2,2.71,0.76,21.26,24.49,122,Moderate
16-06-2019,40.03,141.42,11.35,40.83,30.06,4.1,0.69,21.41,19.68,135,Moderate
17-06-2019,33.4,100.52,12.51,53.01,38.49,5.01,0.78,9.52,17.89,109,Moderate
18-06-2019,40.58,120.64,8.07,45.39,30.84,5.24,0.84,18.11,25.52,100,Satisfactory
19-06-2019,59.13,196.5,11.49,56.36,39.33,7.92,1.08,11.91,13.25,153,Moderate
20-06-2019,37.62,105.75,9.24,38.69,28.1,4.81,0.89,6.32,17.01,126,Moderate
21-06-2019,28.8,66.8,11.94,41.36,31.71,4.09,0.82,9.01,21.5,86,Satisfactory
22-06-2019,56.84,114.49,20.05,63.61,50.14,5.83,1.11,8.07,11.88,104,Moderate
23-06-2019,39.46,81.53,7.26,37.97,26.09,4.9,0.73,8.51,25.95,98,Satisfactory
24-06-2019,35.47,71.35,5.17,28.75,19.5,5.85,0.68,8.96,24.19,75,Satisfactory
25-06-2019,22.96,61.28,7.14,26.62,19.97,5.84,0.64,7.11,11.66,60,Satisfactory
26-06-2019,30.65,84.08,7.75,27.46,20.91,6.72,0.79,8.36,16.2,73,Satisfactory
27-06-2019,40.18,105.25,7.6,47.96,31.68,6.71,0.81,13.28,19.68,98,Satisfactory
28-06-2019,30.4,106.57,9.54,50.51,34.62,6.97,0.87,14.79,17.03,100,Satisfactory
29-06-2019,25.84,91.36,12.85,42.21,32.9,7.97,0.8,14.17,9.36,105,Moderate
30-06-2019,20.4,77.9,8.26,39.65,27.81,8.58,0.63,14.86,11.36,80,Satisfactory
02-07-2019,29.39,92.4,14.88,50.5,38.96,7.99,0.66,9.93,6.8,88,Satisfactory
03-07-2019,33.41,141.22,10.19,43.53,31.44,7.41,1.02,14.2,10.3,107,Moderate
04-07-2019,33.55,139.81,11.72,40.73,31.2,7.02,0.68,14.65,11.12,132,Moderate
05-07-2019,33.67,85.62,13.64,41.48,33.15,6.54,0.61,14.04,6.21,110,Moderate
06-07-2019,25.58,91.73,17.5,39.32,35.15,5.7,0.7,10.14,5.42,80,Satisfactory
07-07-2019,30.74,139.65,15.7,46.97,37.74,5.3,0.69,31.92,6.92,107,Moderate
08-07-2019,26.75,100.5,10.06,35.87,27.26,5.77,0.59,23.57,7.95,128,Moderate
10-07-2019,31.12,121.6,11.42,40.55,30.85,4.98,0.83,9.07,9.17,129,Moderate
11-07-2019,25.62,106.83,10.77,34.25,26.97,7.96,0.63,7.67,9.32,108,Moderate
12-07-2019,20.88,95.85,8.9,34.46,25.57,6.4,0.5,7.07,11.47,102,Moderate
13-07-2019,34.28,118.77,11.76,41.25,31.5,6.85,0.52,6.76,10.65,110,Moderate
14-07-2019,28.47,84.28,11.2,41.79,31.34,6.26,0.37,6.88,4.38,106,Moderate
16-07-2019,41.9,130.91,16.51,49.44,39.72,8.12,0.95,5.05,13.19,106,Moderate
17-07-2019,57.36,161.99,20.86,59.13,48.41,9.14,1.07,6.75,14.7,143,Moderate
18-07-2019,40.74,106.84,7.75,33.3,24.01,9.25,0.63,12.61,25.08,117,Moderate
19-07-2019,58.92,110.31,16.16,48.17,38.77,11.25,0.93,9.67,12.78,106,Moderate
20-07-2019,34.17,71.59,5.19,24.07,17.02,9.8,0.57,11.45,20.48,89,Satisfactory
21-07-2019,20.21,48.5,2.79,12.57,8.96,7.2,0.44,14.75,24.05,57,Satisfactory
22-07-2019,20.03,47.3,3.46,13.26,9.86,7.28,0.39,14.46,18.31,46,Good
23-07-2019,16.74,50.23,9.48,17.67,17.1,6.6,0.49,15.32,9.97,49,Good
24-07-2019,29.76,102.17,11.47,35.69,28.3,6.63,0.89,15.27,12.02,75,Satisfactory
25-07-2019,29.61,81.88,9.2,35.82,26.53,5.46,1.05,5.87,16.25,100,Satisfactory
26-07-2019,19.61,49.3,22.44,40.12,39.59,4.58,0.67,13.09,7.5,78,Satisfactory
27-07-2019,17.07,54.79,21.73,40.79,39.36,4.61,0.7,12.45,4.78,52,Satisfactory
28-07-2019,27.38,50.55,22.79,39.75,39.68,5.41,0.75,15.04,3.57,71,Satisfactory
29-07-2019,24.48,70.71,18.77,38.05,35.49,6.43,0.93,10.33,4.97,53,Satisfactory
30-07-2019,26.17,96.67,13.3,36.98,30.48,6.59,0.76,14.9,8.75,85,Satisfactory
31-07-2019,32.33,124.88,14.67,43.05,34.83,7.19,0.98,9.68,7.18,104,Moderate
01-08-2019,26.12,90.2,13.03,34.39,28.89,7.49,0.88,10.89,6.41,113,Moderate
02-08-2019,17.8,58.85,17.24,32.18,31.13,8.13,0.79,15.37,3.58,75,Satisfactory
03-08-2019,25.11,49.19,32.58,45.85,50.87,8.68,0.84,11.42,2.98,68,Satisfactory
04-08-2019,29.95,92.72,20.07,38.31,36.69,8.33,0.99,13,6.39,83,Satisfactory
05-08-2019,21.59,57.12,17.1,41.77,36.12,8.01,0.86,10.46,6.44,88,Satisfactory
06-08-2019,22.25,44.55,26.53,38.1,41.84,9.55,0.71,14.35,3.96,82,Satisfactory
07-08-2019,14.45,26.19,27.97,35.05,41.39,9.13,0.56,8.44,2.49,52,Satisfactory
08-08-2019,24.41,82.32,21.6,29.55,33.27,9.73,0.79,14.27,6.81,63,Satisfactory
09-08-2019,30.46,103.55,11.38,38.34,29.64,7.86,0.74,11.71,15.62,90,Satisfactory
10-08-2019,36.4,104.83,14.67,40.32,33.38,8.43,0.82,16.17,10.84,98,Satisfactory
11-08-2019,29.25,82.66,11.2,26.37,23.14,9.1,0.69,13.81,12.65,102,Moderate
12-08-2019,42.33,110.48,23.83,40.05,40.68,13.41,1.09,13.23,11.31,90,Satisfactory
13-08-2019,38.76,100.88,11.89,29.49,25.35,11.8,1.04,11.26,9.43,101,Moderate
14-08-2019,38.11,101.57,7.43,22.38,17.94,10.34,0.75,10.36,15.09,108,Moderate
15-08-2019,44.17,162.64,5.18,29.12,19.7,11.33,1.17,15.21,10.91,113,Moderate
21-08-2019,36.68,93,7.58,9.43,11.19,2.84,0.7,9.77,15.12,112,Moderate
22-08-2019,29.83,81.31,9.73,10.6,13.56,4.12,0.73,11.5,21.25,77,Satisfactory
23-08-2019,45.17,124.19,15.13,15.42,20.51,2.82,1.24,9.78,12.48,109,Moderate
24-08-2019,30.77,84.5,9.69,11.86,14.17,2.47,0.88,10.12,10.44,97,Satisfactory
25-08-2019,26.34,57.94,6.68,11.76,11.72,2.46,0.57,7.02,4.44,82,Satisfactory
27-08-2019,35.18,105.31,4.73,9.73,9.03,5.14,0.79,9.85,22.84,108,Moderate
28-08-2019,32.64,106.67,5.44,9.42,9.43,5.12,0.65,13.95,19.52,109,Moderate
06-09-2019,20.11,52.18,19.18,36.1,34.79,9.54,0.71,11.7,19.76,62,Satisfactory
07-09-2019,18.05,52.41,19.62,39.29,36.84,8.68,0.77,3.19,14.59,56,Satisfactory
08-09-2019,23.49,80.31,11.34,32.1,26.31,7.35,0.84,6.27,21.65,64,Satisfactory
09-09-2019,29.19,108.49,12.63,35.22,29.01,6.81,0.94,5.22,27.72,98,Satisfactory
10-09-2019,33.74,106.76,17,42.43,35.44,6.52,0.95,10.84,17.76,111,Moderate
11-09-2019,35.28,98.36,21.98,42.02,40.22,5.6,0.95,14.92,17.79,104,Moderate
12-09-2019,33.52,91.75,15.98,41.39,35,5.03,1.03,11.65,20.83,93,Satisfactory
13-09-2019,34.27,97.09,21.38,47.83,42.83,6.12,1.06,12.33,17.62,96,Satisfactory
14-09-2019,39.35,93.44,8.6,39.29,28.02,6.93,0.73,11.27,28.48,107,Moderate
15-09-2019,37.09,85.61,6.65,33.06,22.99,6.25,0.68,13.99,32.83,86,Satisfactory
16-09-2019,42.98,98.42,7.28,34,24.13,7.16,0.84,11.14,38.86,83,Satisfactory
17-09-2019,35.14,66.68,4.12,15.97,11.84,6.4,0.47,43.29,39.25,91,Satisfactory
18-09-2019,14.11,45.52,14.42,21.64,23.23,4.27,0.5,13.71,18.83,60,Satisfactory
19-09-2019,9.76,27.66,3.26,9.06,7.46,3.87,0.43,14.52,36.58,43,Good
20-09-2019,14.75,37.77,9.46,20.6,18.65,4.08,0.54,14.57,35.98,53,Satisfactory
21-09-2019,15.09,80.12,24.8,20.87,31.27,3.86,0.61,13.48,18.88,77,Satisfactory
22-09-2019,6.64,31.12,8.82,14.1,14.67,3.09,0.5,13.67,19.18,44,Good
23-09-2019,6.63,20.53,8.07,18.22,16.42,3.16,0.59,19.71,21.31,42,Good
24-09-2019,12.12,31.34,25.95,30.68,37.57,3.45,0.89,11.8,16.54,64,Satisfactory
25-09-2019,15.48,34.22,25.39,31.57,37.43,3.7,0.93,13.94,15,84,Satisfactory
26-09-2019,23.9,50.1,67.93,41.9,77.63,3.96,1.62,14.48,14.53,106,Moderate
27-09-2019,35.29,116.42,90.84,35.82,89.98,4.86,1.27,36.42,13.48,131,Moderate
29-09-2019,27.57,78.88,34.87,29.53,44.05,6.92,1.19,13.16,12.48,89,Satisfactory
30-09-2019,32.77,99.56,32.53,32.42,43.7,10.69,1.32,9.55,13.14,98,Satisfactory
01-10-2019,27.7,87.41,31.47,38.3,46.08,13.79,0.96,11.82,15.39,93,Satisfactory
02-10-2019,26.46,89.36,39.38,42.8,54.78,15.67,1.24,15.85,15.7,97,Satisfactory
03-10-2019,42.61,185.5,77.73,43.36,86.26,16.1,1.19,7.74,11.51,117,Moderate
06-10-2019,26.99,88.4,14.96,41.21,34.2,32.57,0.63,28.81,22.9,109,Moderate
07-10-2019,30.49,81.94,23.38,55.32,46.89,27.01,0.85,31.92,22.39,74,Satisfactory
08-10-2019,57.44,157.35,30.91,65.83,60.15,28.27,0.87,21.33,23.63,114,Moderate
10-10-2019,25.84,80.25,23.95,47.16,44.64,15.95,0.93,28.64,20.76,81,Satisfactory
11-10-2019,24.45,99.34,26.21,45.24,45.52,2.96,0.72,26.95,14.83,100,Satisfactory
12-10-2019,27.58,112.85,22.29,33.36,35.88,3.35,0.68,21.97,21.4,101,Moderate
13-10-2019,28.92,161.21,24.9,34.79,38.75,4.75,0.6,21.58,24.13,133,Moderate
14-10-2019,28.02,46.85,1.95,27.55,15.79,3.44,0.56,30.78,43.62,147,Moderate
15-10-2019,45.56,72.39,2.26,21.17,13.09,3.13,0.62,22.43,66.99,75,Satisfactory
16-10-2019,32.93,56.18,5.98,29.73,20.68,1.13,0.74,24.58,52.67,83,Satisfactory
17-10-2019,7.02,20.34,7.31,24.67,19.06,1.3,0.56,23,26.63,48,Good
18-10-2019,8.55,22.06,5.42,21.09,15.63,2.27,0.51,21.46,28.19,45,Good
19-10-2019,10.32,23.93,17.22,40.82,35.71,1.31,0.8,29.33,19.51,52,Satisfactory
20-10-2019,5.29,17.65,6.04,25.84,18.66,2.58,0.53,61.41,26.21,64,Satisfactory
21-10-2019,10.5,23.78,4.96,22.41,15.92,2.67,0.52,20.41,27.52,44,Good
22-10-2019,15.67,26.01,21.98,38.11,38.29,1.8,0.78,21.7,21.41,62,Satisfactory
23-10-2019,5.08,8.16,13.55,29.46,26.85,2.36,0.69,23.81,17.4,74,Satisfactory
25-10-2019,37.82,88.58,22.91,56.87,48.88,1.16,1.44,22.24,19.29,121,Moderate
26-10-2019,18.29,60.5,25.55,37.56,40.96,4.16,0.8,23.34,31.21,93,Satisfactory
27-10-2019,116.65,192.8,32.3,41.26,47.34,4.86,1.11,26.63,22.5,132,Moderate
28-10-2019,40.46,61.36,6.39,22.82,17.3,2.55,0.58,20.81,28.22,284,Poor
29-10-2019,31.24,50.3,3.28,22.14,14.43,3.49,0.82,24.43,42.64,60,Satisfactory
30-10-2019,41.58,69.57,7.2,35,23.77,3.33,0.79,20.54,43.45,81,Satisfactory
31-10-2019,63.19,109,25.5,42.84,43.48,12.52,1,18.43,37.39,101,Moderate
01-11-2019,78.9,144.14,22.21,40.43,39.56,17.77,1.06,18.88,33.46,163,Moderate
02-11-2019,86.71,157.26,25.08,43.75,43.67,16.22,0.95,16.03,41.03,134,Moderate
03-11-2019,144.72,259.91,11.94,47.03,34.74,23.41,1.13,21.69,55.81,281,Poor
04-11-2019,109.46,194.85,24.05,61.03,51.98,16.76,1.27,18.52,42.93,307,Very Poor
05-11-2019,114.41,252.29,25.48,66.87,56.28,17.58,1.25,23.79,47.37,271,Poor
06-11-2019,116.67,183.4,11.14,54.7,38.15,15.05,1.18,24.78,60.65,266,Poor
07-11-2019,97.75,153.08,6.25,49.32,31.31,12.77,0.95,31.16,63.15,275,Poor
08-11-2019,77.22,174.76,44.7,76.77,77.19,13.36,1.05,21.67,37.14,169,Moderate
09-11-2019,57.05,142.8,30.38,57.39,55.22,12.24,0.93,19.4,33.06,158,Moderate
10-11-2019,38.34,88.54,14.13,41.66,33.73,6.36,0.88,11.09,42.15,111,Moderate
11-11-2019,37.12,98.86,22.24,43.05,40.98,2.37,1.1,6.17,39.97,105,Moderate
12-11-2019,36.97,104.19,14.02,36.46,30.8,21.37,0.74,2.78,51.42,103,Moderate
13-11-2019,41.18,78.79,3.02,26.24,16.35,10.84,0.92,5.74,70.23,98,Satisfactory
14-11-2019,55.7,104.68,2.94,30.96,18.83,42.86,1,7.36,78.85,107,Moderate
15-11-2019,59.7,108.74,2.79,35.91,21.37,30.83,1.11,5.88,74.13,110,Moderate
16-11-2019,57.56,111.17,3.63,38.74,23.55,10.14,0.84,8.04,79.93,109,Moderate
17-11-2019,46.69,92.64,2.95,29.13,17.88,10.57,0.72,8.71,69.31,96,Satisfactory
18-11-2019,46.28,85.5,2.89,23.71,14.96,11.51,0.71,7.21,66.6,82,Satisfactory
19-11-2019,73.45,129.85,2.47,24.11,14.83,13.57,0.76,8.92,86.67,105,Moderate
20-11-2019,69.65,120.93,2.69,26.1,16.04,12.15,0.77,8.16,92.94,152,Moderate
21-11-2019,51.21,101.16,2.88,29.86,18.22,9.97,0.69,7.72,87.78,114,Moderate
22-11-2019,53.08,100.93,2.99,33.47,20.15,10.77,0.75,8.3,84.27,106,Moderate
23-11-2019,68.83,119.7,3.06,41.14,24.34,11.77,0.81,7.53,79.97,112,Moderate
24-11-2019,90,147,3.55,85.93,48.58,12.55,1.27,9.9,43.62,136,Moderate
26-11-2019,93.79,148.19,2.69,30.06,18.13,11.64,0.92,7.95,91.45,226,Poor
27-11-2019,72.71,119.26,2.87,28.31,17.37,10.91,0.85,9.67,84.34,169,Moderate
28-11-2019,44.67,80.81,3.12,29.73,18.36,8.41,0.64,8.46,63.97,111,Moderate
29-11-2019,61.52,105.51,3.13,33.07,20.13,9.67,0.8,8.7,71.8,87,Satisfactory
30-11-2019,64.34,102.9,2.9,29.06,17.81,10.27,0.8,8.3,77.18,134,Moderate
01-12-2019,56.81,94.56,2.49,23.67,14.62,10.36,0.74,8.46,78.8,102,Moderate
02-12-2019,65.08,113.55,2.82,29.86,18.18,10.17,0.75,9.17,88.44,106,Moderate
03-12-2019,71.12,125.12,2.71,33.16,19.84,9.85,0.82,9.14,84.58,132,Moderate
04-12-2019,63.36,113.04,3.29,34.16,20.84,9.51,0.74,8.34,82.55,125,Moderate
05-12-2019,76.4,129.34,2.7,32.77,19.64,10.06,0.69,8.42,91.88,137,Moderate
06-12-2019,58.41,110.56,3.46,42.14,25.23,9.36,0.69,8.35,83.84,129,Moderate
07-12-2019,36.8,73.78,3.03,30.32,18.06,7.63,0.62,9.99,66.87,92,Satisfactory
08-12-2019,17.03,48.31,3.66,24.57,16.04,6.3,0.68,8.84,46.24,64,Satisfactory
09-12-2019,12.79,48.71,6.63,30.6,21.67,6.12,0.91,9.02,42,63,Satisfactory
10-12-2019,24.02,95.84,29.64,37.62,44.11,7.15,0.95,7.82,40.3,91,Satisfactory
11-12-2019,27.82,96.94,29.83,39.95,45.5,7.63,1.03,8.27,36.34,97,Satisfactory
12-12-2019,34.71,112.54,39.06,43.66,54.98,8.86,1.1,6.22,34.18,106,Moderate
13-12-2019,37.07,110.43,11.7,35.91,28.61,10.64,0.95,8.72,47.92,105,Moderate
14-12-2019,36.82,71.34,4.09,25.16,16.72,13.26,0.89,7.86,65.75,85,Satisfactory
15-12-2019,27.12,54.86,3.71,23.35,15.44,13.29,0.84,7.37,54.39,69,Satisfactory
16-12-2019,46.59,84,3.45,26.75,17.03,14.5,0.96,7.26,66.3,76,Satisfactory
17-12-2019,75.61,121.94,2.95,27.03,16.78,15.92,1.12,8.24,74.21,128,Moderate
18-12-2019,75.54,126.76,3.12,27,16.91,14.8,1.14,6.7,78.9,143,Moderate
19-12-2019,74.33,124.21,2.82,27.03,16.67,13.42,1.1,7.84,77.99,153,Moderate
20-12-2019,68.72,118.43,2.94,26.22,16.34,12.62,1.02,7.57,85.54,140,Moderate
21-12-2019,72.61,145.62,10.87,38.84,29.5,13.95,1.12,8.36,71.85,136,Moderate
31-12-2019,52.33,99.33,3.51,33.7,20.78,11.69,1.13,8.44,70.91,92,Satisfactory
01-01-2020,66.6,108.15,2.83,27.74,17.06,11.66,1.16,8.14,72.08,111,Moderate
02-01-2020,49.66,90.22,3.23,29.88,18.51,11.38,1.08,8.97,59.28,94,Satisfactory
03-01-2020,53.48,92.39,3.25,23.58,15.18,11.95,1.09,7.53,62.71,97,Satisfactory
04-01-2020,22.7,50.19,3.94,21.94,14.88,10.54,0.97,9.26,44,74,Satisfactory
05-01-2020,16.07,43.09,3.03,18.26,12.18,10.5,0.84,9.12,52.07,61,Satisfactory
06-01-2020,48.21,87.02,2.89,21.46,13.76,12.39,0.96,9.91,64.14,72,Satisfactory
07-01-2020,54.65,102.77,3.13,27.04,16.93,13.21,0.95,9.6,69.69,100,Satisfactory
08-01-2020,49.43,93.16,2.61,26.01,15.96,12.71,0.9,8.68,72.49,99,Satisfactory
09-01-2020,73.62,209.75,37.52,58.59,61.67,13.77,1.27,6.94,45.51,153,Moderate
10-01-2020,48.07,87.2,2.72,23.06,14.47,10.79,1.02,8.07,55.96,110,Moderate
11-01-2020,85.85,138.17,3.13,27.96,17.42,12.88,1.19,9.74,73.01,134,Moderate
12-01-2020,73.83,125.02,2.93,30.68,18.71,11.44,1.03,10.25,83.49,181,Moderate
13-01-2020,100.48,234.22,20.91,69.61,54.02,14.55,1.41,14.54,75.43,178,Moderate
14-01-2020,177.2,326.4,37.86,79.29,72.95,22.01,2.08,16.45,44.07,326,Very Poor
15-01-2020,89.81,180.44,20.01,50.12,42.92,11.56,1.26,6.53,34.36,258,Poor
16-01-2020,71.06,103.17,3.1,31.92,19.5,11.9,1.05,10.02,71.86,160,Moderate
17-01-2020,43.36,81.3,2.81,25.07,15.46,10.51,1.03,9.53,59.04,128,Moderate
18-01-2020,42.17,81.73,4.4,25.01,16.89,10.84,1.03,8.03,45.73,79,Satisfactory
19-01-2020,39.3,92.98,15.49,29.13,28.09,9.84,1.04,8.58,30.23,93,Satisfactory
20-01-2020,30.99,79.86,4.75,27.19,18.31,9.71,0.81,5.57,45.75,81,Satisfactory
21-01-2020,25.31,54.82,3.1,19.27,12.78,9.29,0.79,8.29,39.57,51,Satisfactory
22-01-2020,59.54,107.42,3.06,22.1,14.21,11.91,1.02,8.98,38.25,84,Satisfactory
23-01-2020,74.94,166.18,23.74,44.31,42.87,11.62,1.33,7.32,27.59,138,Moderate
24-01-2020,74.82,177.62,16.76,48.23,39.27,12.04,1.43,7.31,40.41,156,Moderate
25-01-2020,61.94,142.02,29.35,41.41,45.89,10.94,1.23,8.91,21.09,140,Moderate
26-01-2020,53.3,128.35,6.9,59.38,37.2,13.41,0.94,8.17,16.86,113,Moderate
28-01-2020,52.42,136.94,20.2,48.69,42.33,11.3,1.23,11.47,18.65,115,Moderate
29-01-2020,45.66,119.24,12.63,38.39,30.68,11.53,1.14,14.41,25.39,122,Moderate
30-01-2020,45.58,105.92,16.23,45.59,33.98,11.03,1.03,15.64,24.76,105,Moderate
31-01-2020,56.11,110.18,7.07,30.37,21.91,12.49,0.93,8.02,70.53,122,Moderate
01-02-2020,43.35,66.31,4.93,33.9,22.03,9.91,0.98,5.57,57.32,98,Satisfactory
02-02-2020,32.75,50.95,3.03,22.34,14.34,9.68,0.9,8.72,60.29,67,Satisfactory
03-02-2020,39.45,54.88,2.94,18.85,12.42,10.25,0.88,8.38,66.17,76,Satisfactory
04-02-2020,43.56,71.06,17.13,55.23,43.31,10.19,1.31,7.95,42.81,82,Satisfactory
05-02-2020,55.76,128.79,30.16,53.14,52.77,11.21,1.25,4.99,35.61,112,Moderate
06-02-2020,31.28,64.27,6.41,30.03,21.18,10.67,0.9,5.97,29.32,94,Satisfactory
07-02-2020,31.23,103.55,21.4,29.43,33.05,10.44,0.91,5.36,21.92,94,Satisfactory
08-02-2020,29.14,54.27,3.21,16.32,11.31,10.41,0.82,7.85,30.54,61,Satisfactory
09-02-2020,26.04,47.32,2.92,17.92,11.9,10.42,0.81,8.73,32.41,56,Satisfactory
10-02-2020,33.44,59.32,3.27,20.78,13.71,11.27,0.85,8.23,34.75,50,Good
11-02-2020,58.03,98.66,2.78,23.95,15,12.85,0.96,8.33,46.43,84,Satisfactory
12-02-2020,62,106.88,2.75,27.1,16.65,12.64,1.02,8.18,46.57,101,Moderate
13-02-2020,84.11,179.96,20.69,63.84,50.78,14.85,1.33,8.97,32.44,150,Moderate
14-02-2020,71.21,131.84,3.34,49.67,28.9,14.3,1.14,6.99,28.63,159,Moderate
15-02-2020,68.69,143.74,2.76,50.22,28.05,13.53,1.29,8.56,23.43,140,Moderate
16-02-2020,52.52,111.72,2.44,39,22.19,12.92,0.99,7.25,18.46,120,Moderate
17-02-2020,40.92,121.58,2.65,46.46,26.22,11.41,1.03,5.56,13.96,110,Moderate
18-02-2020,42.44,107.09,2.38,42.49,24.13,11.36,1.04,5.36,14.48,111,Moderate
19-02-2020,46.15,92.06,2.18,33.42,19.43,12.27,0.93,7.39,14.34,95,Satisfactory
20-02-2020,39.52,69.95,2.05,17.39,10.92,11.92,0.92,3.26,17.56,77,Satisfactory
21-02-2020,30.9,59.7,2.37,22.46,13.88,12.96,0.84,1.62,14.21,67,Satisfactory
23-02-2020,48.43,125.81,2.4,45.51,25.79,13.76,1.06,3.55,22.46,117,Moderate
24-02-2020,54.71,153.34,2.39,45.3,25.88,13.5,1.28,3.14,20.21,134,Moderate
25-02-2020,36.68,76.4,2.55,35.01,20.31,11.7,1.22,5.77,20.25,90,Satisfactory
26-02-2020,43.59,107.91,2.08,39.8,22.62,12.82,1.29,4.83,21.39,102,Moderate
27-02-2020,29.42,58.33,2.02,21.19,12.93,11.08,0.91,7.61,24.28,74,Satisfactory
28-02-2020,46.6,117.11,2.73,41.14,23.69,11.64,1.05,5.74,21.2,97,Satisfactory
29-02-2020,51.92,131.04,2.54,37.25,21.61,11.58,0.95,7.32,20.4,119,Moderate
01-03-2020,47.98,125.65,2.34,40.73,22.98,11.01,0.89,6.59,19.82,106,Moderate
03-03-2020,65.64,151.4,2.64,51.57,28.8,18.98,1.15,6.01,13.71,127,Moderate
04-03-2020,50.36,110.01,2.36,37.2,21.24,16.24,1.15,15.6,15.1,127,Moderate
05-03-2020,20.02,47.95,2,20.44,12.38,13.68,0.87,9.65,14.75,69,Satisfactory
06-03-2020,15.11,40.46,2.04,15.5,9.84,13.59,0.67,7.89,12.65,51,Satisfactory
07-03-2020,14.16,36.93,1.94,16.21,10.19,13.02,0.72,8.37,12.72,45,Good
08-03-2020,17.77,71.21,2.32,28.78,16.78,11.79,0.92,11.2,11.12,69,Satisfactory
09-03-2020,19.48,55.45,2.11,23.76,13.74,11.88,0.74,11.35,12,82,Satisfactory
10-03-2020,16.23,46.4,1.86,22.56,13.35,11.3,0.76,8.91,11.86,69,Satisfactory
11-03-2020,19.9,58.97,2.12,24.48,14.45,10.97,0.79,8.65,11.43,64,Satisfactory
12-03-2020,23.84,56.3,2.22,24.28,14.57,12.05,0.67,10.58,12.06,61,Satisfactory
13-03-2020,21.5,51.15,2.17,19.43,11.85,11.74,0.45,8.83,12.81,57,Satisfactory
14-03-2020,29.97,80.28,3.61,27.41,15.55,11.66,0.81,7.98,12.94,82,Satisfactory
15-03-2020,34.29,98.12,2.44,29.32,17.16,12.49,0.87,3.4,14,97,Satisfactory
16-03-2020,50.96,111.92,2.37,31.88,18.72,12.88,0.92,6.89,15.62,103,Moderate
17-03-2020,31.25,113.8,1.96,39.24,22.04,11.4,1.1,6.23,15.2,104,Moderate
18-03-2020,33.01,98.93,7.6,48.77,31.98,10.82,0.96,7.57,15.32,105,Moderate
19-03-2020,43.21,115.14,21.71,53.06,45.87,10.04,1.12,6.84,39.79,134,Moderate
20-03-2020,23.97,67.96,11.37,35.13,27.93,11.38,0.87,11.12,37.46,91,Satisfactory
21-03-2020,20.57,60.98,8.58,33.67,24.88,10.11,0.76,11.08,18.41,66,Satisfactory
22-03-2020,23.57,69.26,12.32,24.78,23.13,10.84,0.66,10.28,19.71,62,Satisfactory
23-03-2020,19.59,42.84,7.82,20.91,17.39,9.44,0.72,9.73,26.65,72,Satisfactory
27-03-2020,32.71,90.8,7.78,24.99,19.62,4.29,0.11,13.37,36.78,91,Satisfactory
28-03-2020,31.72,85.01,7.15,24.54,18.86,5.33,0.11,11.29,42.06,90,Satisfactory
29-03-2020,22.17,57.42,7.03,22.72,17.81,5.55,0.11,11.33,41.66,86,Satisfactory
30-03-2020,21.62,65.48,6.23,24.02,17.83,5.4,0.11,10.42,59.94,69,Satisfactory
31-03-2020,18.77,52.17,6.65,25.22,18.82,5.64,0.11,8.52,46.99,84,Satisfactory
01-04-2020,30.43,76.29,9.9,33.1,25.65,5.35,0.11,7.39,23.15,64,Satisfactory
02-04-2020,23.81,66.29,13.42,32.49,28.43,6.14,0.11,5.91,9.06,73,Satisfactory
03-04-2020,30.06,74.16,14.76,33.18,29.88,6.71,0.11,7.37,10.66,68,Satisfactory
04-04-2020,25.97,57.81,12.62,29.23,26.03,7.56,0.11,5.47,11.72,71,Satisfactory
05-04-2020,22.3,52.05,13.75,31.35,28.06,7.6,0.11,6.29,9.64,54,Satisfactory
06-04-2020,16.62,43.83,15.71,29.33,28.59,7.86,0.11,6.27,6.48,51,Satisfactory
07-04-2020,14.48,47.4,15.8,29.2,28.6,7.87,0.11,7.26,8.52,46,Good
08-04-2020,8.64,30.07,16.1,23.46,25.79,7.55,0.11,6.7,7.66,37,Good
09-04-2020,20.49,54.42,9.67,33.31,25.21,8.39,0.11,7.55,32.39,49,Good
10-04-2020,23.62,68.95,11.17,33.43,26.86,7.32,0.11,6.02,21.47,69,Satisfactory
11-04-2020,16.38,38.99,12.22,26.65,24.11,7.86,0.11,5.51,13.98,51,Satisfactory
12-04-2020,15.05,44.33,13.28,29.41,26.45,7.42,0.11,6.82,16.02,43,Good
13-04-2020,20.44,67.82,13.86,31.19,27.86,6.94,0.11,6.81,15.17,55,Satisfactory
14-04-2020,18.97,65.8,14.74,29.57,27.71,6.95,0.11,7.14,13.23,68,Satisfactory
15-04-2020,21.07,73.21,13.85,32.55,28.58,5.36,0.11,6.32,13.82,66,Satisfactory
16-04-2020,21.89,78.22,13.77,36.49,30.61,6.46,0.11,9.16,15.46,76,Satisfactory
17-04-2020,15.84,63.94,12.65,31.67,27.13,7.52,0.11,5.51,12.02,74,Satisfactory
18-04-2020,9.21,51.65,11.69,30.52,25.73,7.49,0.11,7.41,10.54,59,Satisfactory
19-04-2020,14.61,56.17,15.55,33.08,30.24,8.47,0.11,8.72,10.53,55,Satisfactory
20-04-2020,9.08,35.35,16.21,30.16,29.22,8.35,0.11,6.56,9.46,47,Good
21-04-2020,10.32,51.36,18.55,23.99,27.59,8.48,0.11,3.58,10.7,48,Good
22-04-2020,8.61,32.8,8.19,25.18,20.05,8.68,0.11,7.24,12,37,Good
23-04-2020,8.41,37.46,10.88,24.6,21.92,8.31,0.11,6.42,9.79,36,Good
27-04-2020,10.47,40.29,3.4,21.59,12.95,6.5,0.11,5.58,20.53,31,Good
28-04-2020,12.81,46.6,0.73,15.19,7.24,7.68,0.11,6.04,30,47,Good
29-04-2020,7.81,46.54,1.73,18.79,10.82,7.96,0.11,8.02,20.17,49,Good
30-04-2020,18.16,66.09,1.68,16.27,9.74,8.18,0.11,7.01,30.36,61,Satisfactory
01-05-2020,11.91,48.54,2.52,16.76,10.83,8.24,0.11,7.46,28.84,56,Satisfactory
02-05-2020,23.14,78.4,0.73,23.73,13.11,8.82,0.11,6.94,38.06,62,Satisfactory
03-05-2020,18.91,67.79,3.03,24.04,15.15,8.38,0.11,5.84,22.73,90,Satisfactory
04-05-2020,17.54,68.24,1.23,15.64,9.1,8.23,0.11,8.31,16.15,65,Satisfactory
05-05-2020,8.93,45.07,2.07,12.81,8.43,7.87,0.11,8.22,13.88,55,Satisfactory
06-05-2020,9.03,45.89,2.72,19.43,12.5,8.14,0.11,8.96,13.65,41,Good
07-05-2020,11.3,51.48,1.56,18.09,10.73,8.04,0.11,8.88,18.67,51,Satisfactory
08-05-2020,12.14,50.8,2.83,18.43,12.07,7.79,0.11,10.45,10.99,48,Good
09-05-2020,9.53,40.67,1.39,12.9,7.95,7.94,0.11,7.32,11.38,51,Satisfactory
10-05-2020,16.51,58.2,0.85,24.04,13.44,9.09,0.11,6.41,24.02,46,Good
11-05-2020,14.04,51.69,1.59,14.28,8.87,8.43,0.11,5.58,11.15,61,Satisfactory
12-05-2020,6.9,42.63,2.35,12.63,7.91,10.88,0.11,6.46,20.14,45,Good
13-05-2020,8.42,50.06,2.09,14.05,9.15,11.07,0.11,6.96,14.28,49,Good
14-05-2020,11.88,45.86,2.73,11.76,8.43,12.04,0.11,7.66,14.72,50,Good
15-05-2020,11.07,42.11,3.17,11.71,8.78,11.96,0.11,9.7,17.92,44,Good
16-05-2020,2,17.99,1.29,10.24,6.11,9.48,0.11,8.86,19.75,32,Good
17-05-2020,6.3,17.76,1.09,12.21,7.07,7.4,0.11,8.56,17.14,23,Good
18-05-2020,11.18,36.23,1.47,18.69,10.97,6.78,0.11,7.87,18.33,26,Good
19-05-2020,26.88,76.7,2,28.32,16.46,7.56,0.11,10.13,24.73,52,Satisfactory
20-05-2020,66.22,203.26,11.97,58.99,40.98,11.85,0.11,8.24,37.59,141,Moderate
21-05-2020,45.53,150.21,3.5,48.13,27.74,12.68,0.11,11.82,33.44,145,Moderate
22-05-2020,24.8,90.94,4.34,39.51,24.12,18.93,0.11,6.37,30.61,117,Moderate
23-05-2020,15.91,81.11,3.27,23.59,14.25,13.57,0.11,8.48,37.58,79,Satisfactory
24-05-2020,10.99,72.39,1.38,20.53,11.8,10.25,0.11,8.73,27.09,80,Satisfactory
25-05-2020,18.69,75.86,2.76,21.06,13.59,10.77,0.11,7.19,24.62,74,Satisfactory
26-05-2020,12.35,68.72,1.74,20.24,12.06,9.8,0.11,9.69,23.61,67,Satisfactory
27-05-2020,26.6,121.23,1.69,20.04,11.9,8.58,0.63,8.42,28.8,54,Satisfactory
28-05-2020,26.94,102,1.63,20.67,12.23,8.67,0.65,7.34,23.8,100,Satisfactory
29-05-2020,16.71,62.53,2.6,23.89,13.61,10.62,0.63,7.79,24.1,87,Satisfactory
30-05-2020,28.1,84.8,7.43,50.99,27.93,9.21,0.76,16.45,14.82,81,Satisfactory
31-05-2020,21.22,79.53,2.38,24.88,14.92,11.03,0.57,5.43,17.49,40,Good
01-06-2020,15.68,81.88,1.91,20.61,12.15,8.25,0.5,5.82,21.15,85,Satisfactory
02-06-2020,9.91,43.3,2.81,19.91,12.6,9.16,0.47,8.78,19.68,50,Good
03-06-2020,17.94,102.58,5.6,30.32,20.59,9.49,0.58,6.48,23.82,88,Satisfactory
04-06-2020,19.14,77.06,4.12,35.57,22.18,8.82,0.68,7.19,25.56,71,Satisfactory
05-06-2020,29.71,112.53,2.98,44.77,24.69,10.51,0.85,10.64,21.94,93,Satisfactory
06-06-2020,21.66,74.97,3.38,38.42,22.56,8.63,0.64,7.02,28.86,101,Moderate
07-06-2020,29.69,101.97,2.84,35.51,20.66,9.85,0.57,5.32,31.71,82,Satisfactory
08-06-2020,31.14,125.15,6.55,41.56,27.26,9.71,0.64,6.61,36.65,115,Moderate
09-06-2020,31.84,85.41,4.69,50.11,30.35,10.01,0.88,5.06,33.86,96,Satisfactory
10-06-2020,32.55,79.28,4.78,44.59,27.38,9.34,0.69,5.9,35.06,92,Satisfactory
11-06-2020,37.71,98.53,9.97,52.1,35.79,9.91,0.7,5.59,26.59,90,Satisfactory
12-06-2020,37.67,76.27,12.17,53.59,35.52,9.85,0.97,5.74,17.35,84,Satisfactory
13-06-2020,22.75,86.77,3.85,38.23,22.6,9.24,0.67,10.7,27.24,81,Satisfactory
14-06-2020,21.33,83.23,2.81,34.56,20.43,9.78,0.58,9.37,29.44,88,Satisfactory
15-06-2020,24.66,100.53,3.66,37.93,22.97,9.22,0.71,7.02,28.63,92,Satisfactory
16-06-2020,21.06,80.51,6.67,40.33,26.81,8.81,0.63,11.09,21.69,83,Satisfactory
17-06-2020,17.05,73.22,6.08,36.31,24.23,6.69,0.54,11.08,26.09,90,Satisfactory
18-06-2020,21.16,88.8,4.94,42.96,26.79,3.22,0.68,11.05,27.65,71,Satisfactory
19-06-2020,14.41,66.81,6.22,40.06,26.1,7.51,1.07,13.23,27.34,110,Moderate
20-06-2020,26.67,86.29,3.78,37.36,22.46,15.05,0.74,11.76,41.97,74,Satisfactory
21-06-2020,25.96,91.75,5.65,40.22,25.78,13.32,0.71,10.1,38.27,92,Satisfactory
22-06-2020,33.17,108.22,5.58,42.45,27.06,13.7,0.73,13.65,34.85,95,Satisfactory
23-06-2020,25.4,83.38,2.76,34.09,19.92,13.13,0.54,10.4,43.27,100,Satisfactory
24-06-2020,34.36,90.9,1.22,23.38,13.12,14.45,0.56,10.92,35.12,86,Satisfactory
25-06-2020,13.45,58.54,2.3,21.6,13.09,12.27,0.41,8.19,29.38,77,Satisfactory
26-06-2020,7.63,32.27,5.91,23.27,17.19,11.15,0.46,6.87,19.9,47,Good
27-06-2020,15.02,50.94,7.68,25.06,19.54,12.47,0.47,8.55,23.3,41,Good
28-06-2020,24.38,74.09,3.42,26.06,16.53,11.99,0.52,12.72,30.14,70,Satisfactory
